policy_id,location_id,year,region,occupancy,exposure_years,insured_value,policy_limit,deductible,bi_waiting_period_days,current_premium,pm25,ozone,turbidity,water_quality_index,temperature_c,annual_rainfall_mm,drought_indicator,air_stress_flag,water_stress_flag,air_trigger_flag,water_trigger_flag,compound_trigger_flag,insured_trigger_type,bi_waiting_period_met_flag,air_filtration,water_treatment,business_continuity_plan,air_filtration_upgrade_cost,water_treatment_upgrade_cost,bcp_upgrade_cost,claim_count,aggregate_ground_up_loss,aggregate_covered_loss,aggregate_paid_loss
POL001-2024,LOC001,2024,Riverbend,Hospital,0.787,17110000,5990000,75000,1,41000,25.9,52.8,5.87,61.8,23.9,1314.4,0.199,0,1,0,1,0,Water,0,0,1,0,88000,0,49000,0,0,0,0
POL001-2025,LOC001,2025,Riverbend,Hospital,0.828,18000000,9000000,75000,1,47100,32.2,62.7,5.53,56.2,26.0,1247.5,0.147,0,1,0,1,0,Water,0,0,1,0,88000,0,49000,0,0,0,0
POL001-2026,LOC001,2026,Riverbend,Hospital,0.735,17860000,6250000,50000,3,39800,38.8,52.6,7.65,61.5,22.2,1228.4,0.321,1,1,0,1,0,Water,1,0,1,0,88000,0,49000,2,382727.21,166444.28,67850.0
POL002-2024,LOC002,2024,Riverbend,Hospital,0.987,23970000,8390000,75000,3,71900,23.9,56.2,4.64,67.4,24.8,1412.9,0.237,0,0,0,0,0,None,0,1,1,1,0,0,0,0,0,0,0
POL002-2025,LOC002,2025,Riverbend,Hospital,0.732,24280000,8500000,50000,1,51300,27.2,54.6,5.31,56.2,23.4,1315.5,0.152,0,1,0,0,0,None,0,1,1,1,0,0,0,0,0,0,0
POL002-2026,LOC002,2026,Riverbend,Hospital,0.834,26030000,13020000,75000,2,64200,30.2,58.3,4.91,51.3,29.9,1380.4,0.388,0,1,0,0,0,None,0,1,1,1,0,0,0,0,0,0,0
POL003-2024,LOC003,2024,Central Metro,Manufacturing,0.85,23140000,11570000,80000,2,59500,53.3,78.8,4.24,79.8,27.6,737.4,0.381,1,0,0,0,0,None,0,0,1,0,95000,0,56000,0,0,0,0
POL003-2025,LOC003,2025,Central Metro,Manufacturing,0.995,25060000,8770000,40000,2,71400,46.4,80.2,4.61,66.9,32.0,830.4,0.496,1,0,1,0,0,Air,0,0,1,0,95000,0,56000,1,122050.39,52974.9,12974.9
POL003-2026,LOC003,2026,Central Metro,Manufacturing,0.71,25150000,8800000,60000,1,51100,45.0,81.0,4.07,67.4,26.7,851.6,0.484,1,0,1,0,0,Air,0,0,1,0,95000,0,56000,0,0,0,0
POL004-2024,LOC004,2024,Riverbend,Hospital,0.901,25020000,6260000,50000,2,74800,30.2,44.0,5.44,67.8,23.3,1237.6,0.055,0,1,0,0,0,None,0,0,1,0,109000,0,59000,0,0,0,0
POL004-2025,LOC004,2025,Riverbend,Hospital,0.855,25760000,9020000,75000,3,68200,28.3,43.5,5.88,75.2,27.0,1313.7,0.1,0,1,0,0,0,None,0,0,1,0,109000,0,59000,0,0,0,0
POL004-2026,LOC004,2026,Riverbend,Hospital,0.964,26420000,13210000,75000,3,78400,29.2,49.5,5.62,51.0,22.8,1176.5,0.238,0,1,0,1,0,Water,1,0,1,0,109000,0,59000,1,150204.55,124000.93,49000.93
POL005-2024,LOC005,2024,Central Metro,Hospital,1.0,18680000,9340000,75000,1,56500,40.9,75.3,3.43,75.6,26.7,783.1,0.345,1,0,0,0,0,None,0,1,0,1,0,116000,0,0,0,0,0
POL005-2025,LOC005,2025,Central Metro,Hospital,0.747,19430000,6800000,50000,2,47100,44.3,80.2,1.12,64.0,27.8,992.3,0.32,1,0,0,0,0,None,0,1,0,1,0,116000,0,0,0,0,0
POL005-2026,LOC005,2026,Central Metro,Hospital,0.92,19970000,6990000,100000,3,59800,40.0,80.4,1.72,63.8,26.6,815.5,0.283,1,0,1,0,0,Air,0,1,0,1,0,116000,0,2,179251.29,74153.73,0.0
POL006-2024,LOC006,2024,Coastview,Food Processing,0.972,15070000,7540000,25000,1,39700,19.7,50.1,3.14,63.7,27.8,1727.2,0.217,0,0,0,0,0,None,0,0,1,1,88000,0,0,0,0,0,0
POL006-2025,LOC006,2025,Coastview,Food Processing,1.0,15320000,5360000,60000,2,43700,19.9,46.1,3.89,63.7,29.6,1358.3,0.17,0,0,0,0,0,None,0,0,1,1,88000,0,0,0,0,0,0
POL006-2026,LOC006,2026,Coastview,Food Processing,0.86,16480000,8240000,40000,3,40700,34.3,53.3,6.81,53.0,28.7,1540.7,0.132,0,1,0,1,0,Water,0,0,1,1,88000,0,0,0,0,0,0
POL007-2024,LOC007,2024,Coastview,Manufacturing,0.715,16660000,5830000,40000,2,36700,22.1,39.4,3.52,62.3,25.0,1495.8,0.121,0,0,0,0,0,None,0,0,0,0,87000,102000,51000,0,0,0,0
POL007-2025,LOC007,2025,Coastview,Manufacturing,0.947,17050000,4260000,80000,3,44800,15.6,50.9,5.1,61.2,30.1,1512.2,0.307,0,1,0,0,0,None,0,0,0,0,87000,102000,51000,0,0,0,0
POL007-2026,LOC007,2026,Coastview,Manufacturing,0.986,17620000,6170000,40000,3,47900,32.0,58.6,5.7,63.8,29.3,1631.5,0.024,0,1,0,0,0,None,0,0,0,0,87000,102000,51000,0,0,0,0
POL008-2024,LOC008,2024,Drylands,Hospital,0.868,21580000,5400000,75000,2,62800,40.7,66.0,4.41,62.2,31.4,288.4,0.69,1,0,0,0,0,None,0,0,1,1,97000,0,0,0,0,0,0
POL008-2025,LOC008,2025,Drylands,Hospital,0.878,21600000,7560000,100000,1,63700,37.2,85.6,4.2,50.8,28.5,658.7,0.482,1,1,1,0,0,Air,0,0,1,1,97000,0,0,0,0,0,0
POL008-2026,LOC008,2026,Drylands,Hospital,1.0,22850000,5710000,75000,1,78800,36.9,65.7,4.23,61.0,31.5,459.8,0.617,1,0,0,0,0,None,0,0,1,1,97000,0,0,0,0,0,0
POL009-2024,LOC009,2024,Riverbend,Food Processing,1.0,10530000,5260000,40000,2,28700,28.4,49.7,3.79,61.6,25.2,1445.4,0.267,0,0,0,0,0,None,0,1,0,1,0,90000,0,0,0,0,0
POL009-2025,LOC009,2025,Riverbend,Food Processing,0.793,11070000,3870000,60000,1,23700,28.1,58.4,5.66,66.0,22.1,1438.4,0.221,0,1,0,0,0,None,0,1,0,1,0,90000,0,0,0,0,0
POL009-2026,LOC009,2026,Riverbend,Food Processing,0.818,11550000,5780000,40000,3,28100,29.6,55.0,4.01,69.9,25.4,1108.1,0.087,0,0,0,0,0,None,0,1,0,1,0,90000,0,0,0,0,0
POL010-2024,LOC010,2024,Riverbend,Manufacturing,1.0,14570000,3640000,60000,1,41600,32.2,62.0,3.03,58.0,25.9,1376.9,0.02,0,1,0,0,0,None,0,0,0,1,82000,98000,0,0,0,0,0
POL010-2025,LOC010,2025,Riverbend,Manufacturing,0.682,14390000,3600000,80000,2,28200,29.9,61.0,5.2,50.1,27.0,1143.4,0.317,0,1,0,0,0,None,0,0,0,1,82000,98000,0,0,0,0,0
POL010-2026,LOC010,2026,Riverbend,Manufacturing,1.0,14780000,5170000,80000,2,44500,25.6,44.6,6.23,62.0,27.3,1403.0,0.238,0,1,0,0,0,None,0,0,0,1,82000,98000,0,0,0,0,0
POL011-2024,LOC011,2024,Northgate,Hospital,1.0,33290000,16640000,50000,3,99200,31.0,52.7,1.67,86.1,22.7,877.4,0.282,0,0,0,0,0,None,0,1,0,1,0,140000,0,0,0,0,0
POL011-2025,LOC011,2025,Northgate,Hospital,0.999,33190000,16600000,50000,2,99200,36.8,55.6,4.16,69.6,26.0,1053.7,0.221,1,0,0,0,0,None,0,1,0,1,0,140000,0,0,0,0,0
POL011-2026,LOC011,2026,Northgate,Hospital,0.913,35600000,8900000,75000,3,94400,35.6,64.4,5.68,64.7,24.4,833.5,0.294,1,1,0,0,0,None,0,1,0,1,0,140000,0,0,0,0,0
POL012-2024,LOC012,2024,Drylands,Manufacturing,0.837,14490000,7240000,40000,2,35800,35.1,65.1,5.45,62.1,31.2,512.4,0.683,1,1,1,0,0,Air,0,0,0,0,84000,104000,47000,2,147510.08,70236.0,3001.4
POL012-2025,LOC012,2025,Drylands,Manufacturing,0.774,14750000,7380000,60000,3,36600,42.1,64.6,5.6,60.8,31.4,504.6,0.876,1,1,0,1,0,Water,0,0,0,0,84000,104000,47000,0,0,0,0
POL012-2026,LOC012,2026,Drylands,Manufacturing,0.762,15480000,5420000,40000,2,36800,39.8,69.5,5.01,66.6,28.8,545.3,0.677,1,1,0,0,0,None,0,0,0,0,84000,104000,47000,0,0,0,0
POL013-2024,LOC013,2024,Drylands,Food Processing,0.837,10240000,5120000,40000,3,23800,34.8,67.7,2.36,59.6,30.1,495.5,0.551,0,1,0,0,0,None,0,1,1,0,0,0,39000,0,0,0,0
POL013-2025,LOC013,2025,Drylands,Food Processing,1.0,10050000,3520000,60000,1,27900,41.8,72.6,4.85,58.5,27.3,531.1,0.786,1,1,0,0,0,None,0,1,1,0,0,0,39000,0,0,0,0
POL013-2026,LOC013,2026,Drylands,Food Processing,0.805,10680000,2670000,40000,2,25900,36.2,68.9,2.69,55.1,32.8,478.6,0.738,1,1,0,0,0,None,0,1,1,0,0,0,39000,0,0,0,0
POL014-2024,LOC014,2024,Drylands,Food Processing,0.954,17030000,5960000,60000,1,45100,43.2,74.3,5.49,66.9,34.2,534.4,0.853,1,1,0,0,0,None,0,1,1,0,0,0,47000,0,0,0,0
POL014-2025,LOC014,2025,Drylands,Food Processing,0.72,17430000,6100000,40000,2,38000,38.9,77.0,2.39,68.2,31.7,584.2,0.51,1,0,0,0,0,None,0,1,1,0,0,0,47000,0,0,0,0
POL014-2026,LOC014,2026,Drylands,Food Processing,0.95,17770000,8880000,25000,2,49300,36.9,69.8,5.24,63.4,32.2,497.4,0.756,1,1,0,0,0,None,0,1,1,0,0,0,47000,0,0,0,0
POL015-2024,LOC015,2024,Riverbend,Hospital,0.8,19730000,6910000,50000,2,55000,26.5,51.9,6.57,65.6,28.0,1252.1,0.02,0,1,0,1,0,Water,1,0,0,0,100000,111000,52000,1,142863.0,77418.66,27418.66
POL015-2025,LOC015,2025,Riverbend,Hospital,0.943,20940000,5240000,100000,3,69400,26.7,66.7,4.5,59.9,20.5,1278.5,0.31,0,1,0,1,0,Water,0,0,0,0,100000,111000,52000,0,0,0,0
POL015-2026,LOC015,2026,Riverbend,Hospital,0.927,21740000,7610000,100000,3,72200,29.2,61.9,7.31,55.5,24.3,1282.2,0.193,0,1,0,0,0,None,0,0,0,0,100000,111000,52000,0,0,0,0
POL016-2024,LOC016,2024,Central Metro,Food Processing,0.703,14850000,5200000,60000,1,34100,40.9,76.8,2.68,63.2,27.3,879.6,0.398,1,0,1,0,0,Air,1,0,0,1,85000,100000,0,2,91404.16,65863.7,0.0
POL016-2025,LOC016,2025,Central Metro,Food Processing,1.0,15080000,5280000,25000,3,46000,52.3,80.6,2.98,65.9,26.8,769.1,0.378,1,0,1,0,0,Air,0,0,0,1,85000,100000,0,0,0,0,0
POL016-2026,LOC016,2026,Central Metro,Food Processing,0.8,15520000,3880000,40000,3,39400,49.7,72.5,3.24,62.1,28.4,805.1,0.292,1,0,0,0,0,None,0,0,0,1,85000,100000,0,0,0,0,0
POL017-2024,LOC017,2024,Drylands,Food Processing,0.993,6740000,2360000,40000,2,18800,30.9,77.4,3.61,74.6,31.0,594.8,0.915,1,0,1,0,0,Air,0,1,1,0,0,0,37000,0,0,0,0
POL017-2025,LOC017,2025,Drylands,Food Processing,1.0,7040000,1760000,40000,1,19600,42.3,74.1,4.07,70.7,31.7,638.8,0.857,1,0,0,0,0,None,0,1,1,0,0,0,37000,0,0,0,0
POL017-2026,LOC017,2026,Drylands,Food Processing,0.935,7230000,2530000,40000,2,20900,51.9,75.0,4.01,52.1,31.5,511.5,0.631,1,1,0,0,0,None,0,1,1,0,0,0,37000,0,0,0,0
POL018-2024,LOC018,2024,Coastview,Hospital,0.883,34270000,11990000,100000,1,96200,26.7,51.8,4.02,74.7,26.2,1563.2,0.124,0,0,0,0,0,None,0,0,0,1,120000,149000,0,0,0,0,0
POL018-2025,LOC018,2025,Coastview,Hospital,0.785,35990000,9000000,75000,2,96000,19.5,58.8,4.07,58.0,32.0,1557.5,0.099,0,1,0,1,0,Water,1,0,0,1,120000,149000,0,2,290113.08,143509.53,11304.41
POL018-2026,LOC018,2026,Coastview,Hospital,0.717,37480000,9370000,75000,3,86400,35.7,44.8,7.23,69.8,26.8,1500.6,0.428,1,1,1,0,0,Air,0,0,0,1,120000,149000,0,0,0,0,0
POL019-2024,LOC019,2024,Riverbend,Manufacturing,0.896,21960000,7690000,60000,1,50000,25.4,49.7,5.22,63.1,25.9,1075.9,0.065,0,1,0,0,0,None,0,1,1,0,0,0,56000,0,0,0,0
POL019-2025,LOC019,2025,Riverbend,Manufacturing,0.993,22880000,5720000,40000,3,59200,30.7,61.2,4.72,51.7,24.0,1340.5,0.325,0,1,0,1,0,Water,0,1,1,0,0,0,56000,0,0,0,0
POL019-2026,LOC019,2026,Riverbend,Manufacturing,0.918,23620000,5900000,60000,1,57400,34.2,56.5,2.12,48.8,26.0,1318.7,0.182,0,1,0,0,0,None,0,1,1,0,0,0,56000,0,0,0,0
POL020-2024,LOC020,2024,Drylands,Food Processing,1.0,15750000,7880000,40000,2,48400,38.6,63.0,6.8,63.2,33.8,527.0,0.589,1,1,0,0,0,None,0,1,0,0,0,102000,45000,0,0,0,0
POL020-2025,LOC020,2025,Drylands,Food Processing,0.889,15400000,7700000,40000,3,43200,46.3,65.7,3.26,72.2,31.4,519.8,0.863,1,0,0,0,0,None,0,1,0,0,0,102000,45000,0,0,0,0
POL020-2026,LOC020,2026,Drylands,Food Processing,0.718,16560000,4140000,25000,1,38500,40.6,81.6,5.12,63.1,29.0,376.3,0.646,1,1,0,0,0,None,0,1,0,0,0,102000,45000,0,0,0,0
POL021-2024,LOC021,2024,Coastview,Manufacturing,0.768,14450000,3610000,60000,3,28700,29.7,46.9,3.57,63.5,24.4,1524.1,0.179,0,0,0,0,0,None,0,1,0,0,0,105000,48000,0,0,0,0
POL021-2025,LOC021,2025,Coastview,Manufacturing,0.846,15300000,5360000,40000,3,36600,28.5,51.6,5.92,71.1,31.5,1363.6,0.199,0,1,0,1,0,Water,0,1,0,0,0,105000,48000,0,0,0,0
POL021-2026,LOC021,2026,Coastview,Manufacturing,0.738,15500000,3880000,80000,1,31700,32.5,49.7,6.29,61.3,27.5,1367.8,0.044,0,1,0,0,0,None,0,1,0,0,0,105000,48000,0,0,0,0
POL022-2024,LOC022,2024,Coastview,Manufacturing,0.703,29030000,7260000,40000,1,57200,30.6,46.1,4.78,71.5,28.7,1494.8,0.041,0,0,0,0,0,None,0,0,0,0,108000,134000,64000,0,0,0,0
POL022-2025,LOC022,2025,Coastview,Manufacturing,1.0,29910000,7480000,40000,2,84300,19.7,60.3,4.25,67.0,32.8,1335.0,0.119,0,0,0,0,0,None,0,0,0,0,108000,134000,64000,0,0,0,0
POL022-2026,LOC022,2026,Coastview,Manufacturing,0.988,30630000,15320000,40000,3,88700,26.5,46.1,2.66,62.8,27.1,1442.9,0.265,0,0,0,0,0,None,0,0,0,0,108000,134000,64000,0,0,0,0
POL023-2024,LOC023,2024,Coastview,Hospital,0.906,15290000,7640000,50000,1,42200,21.1,61.7,3.8,63.3,28.4,1688.8,0.02,0,0,0,0,0,None,0,1,0,0,0,105000,46000,0,0,0,0
POL023-2025,LOC023,2025,Coastview,Hospital,1.0,16050000,5620000,100000,2,51400,22.6,52.0,3.84,65.8,29.6,1589.6,0.233,0,0,0,0,0,None,0,1,0,0,0,105000,46000,0,0,0,0
POL023-2026,LOC023,2026,Coastview,Hospital,0.831,16770000,5870000,100000,3,41600,25.3,59.5,4.09,68.6,28.2,1446.7,0.09,0,0,0,0,0,None,0,1,0,0,0,105000,46000,0,0,0,0
POL024-2024,LOC024,2024,Coastview,Manufacturing,0.757,37460000,9360000,60000,3,76500,31.6,51.6,1.79,64.2,31.0,1463.6,0.102,0,0,0,0,0,None,0,1,0,1,0,155000,0,0,0,0,0
POL024-2025,LOC024,2025,Coastview,Manufacturing,0.763,38760000,9690000,60000,2,80300,18.9,54.8,5.15,61.5,30.2,1563.5,0.225,0,1,0,0,0,None,0,1,0,1,0,155000,0,0,0,0,0
POL024-2026,LOC024,2026,Coastview,Manufacturing,0.888,40810000,20400000,80000,1,92700,39.1,56.5,7.48,68.1,29.9,1463.5,0.388,1,1,0,0,0,None,0,1,0,1,0,155000,0,0,0,0,0
POL025-2024,LOC025,2024,Riverbend,Manufacturing,0.772,7800000,2730000,40000,1,16100,30.1,63.9,4.03,69.5,23.4,1315.9,0.095,0,0,0,0,0,None,0,0,0,1,69000,87000,0,0,0,0,0
POL025-2025,LOC025,2025,Riverbend,Manufacturing,0.821,8120000,4060000,60000,2,18700,19.8,64.3,4.11,59.8,29.2,1316.9,0.348,0,1,0,0,0,None,0,0,0,1,69000,87000,0,0,0,0,0
POL025-2026,LOC025,2026,Riverbend,Manufacturing,0.698,8400000,2940000,60000,1,17500,30.2,65.8,8.44,55.7,28.1,1486.5,0.281,0,1,0,0,0,None,0,0,0,1,69000,87000,0,0,0,0,0
POL026-2024,LOC026,2024,Central Metro,Manufacturing,0.719,11750000,4110000,60000,2,22600,44.2,63.9,1.25,78.9,26.2,647.0,0.369,1,0,0,0,0,None,0,1,0,1,0,96000,0,0,0,0,0
POL026-2025,LOC026,2025,Central Metro,Manufacturing,0.978,12460000,4360000,40000,2,34600,41.7,64.3,1.24,67.8,26.5,884.3,0.375,1,0,0,0,0,None,0,1,0,1,0,96000,0,0,0,0,0
POL026-2026,LOC026,2026,Central Metro,Manufacturing,0.993,12390000,4340000,40000,3,33800,58.5,71.7,4.03,69.0,27.8,665.4,0.384,1,0,0,0,0,None,0,1,0,1,0,96000,0,0,0,0,0
POL027-2024,LOC027,2024,Central Metro,Hospital,1.0,29680000,7420000,75000,1,99600,47.6,78.2,1.78,81.7,30.8,837.5,0.32,1,0,0,0,0,None,0,0,0,1,117000,134000,0,0,0,0,0
POL027-2025,LOC027,2025,Central Metro,Hospital,0.917,31890000,11160000,75000,3,104600,48.9,73.6,4.44,67.0,29.4,885.9,0.434,1,0,1,0,0,Air,0,0,0,1,117000,134000,0,0,0,0,0
POL027-2026,LOC027,2026,Central Metro,Hospital,0.983,32960000,11540000,100000,3,110900,51.4,77.9,2.17,67.5,24.0,914.5,0.327,1,0,1,0,0,Air,0,0,0,1,117000,134000,0,1,140250.04,37707.09,0.0
POL028-2024,LOC028,2024,Central Metro,Manufacturing,0.752,11680000,4090000,60000,1,27500,45.3,76.0,3.35,74.7,27.3,654.4,0.448,1,0,0,0,0,None,0,0,0,0,74000,97000,41000,0,0,0,0
POL028-2025,LOC028,2025,Central Metro,Manufacturing,1.0,12210000,4270000,40000,3,39700,48.8,77.9,3.75,58.9,29.2,858.7,0.391,1,1,0,0,0,None,0,0,0,0,74000,97000,41000,0,0,0,0
POL028-2026,LOC028,2026,Central Metro,Manufacturing,0.885,12590000,3150000,80000,2,36200,48.1,83.4,2.24,64.1,28.0,676.1,0.501,1,0,0,0,0,None,0,0,0,0,74000,97000,41000,0,0,0,0
POL029-2024,LOC029,2024,Drylands,Hospital,0.859,19350000,6770000,75000,2,56100,36.6,73.1,2.19,70.4,31.8,552.8,0.678,1,0,0,0,0,None,0,1,0,0,0,113000,51000,0,0,0,0
POL029-2025,LOC029,2025,Drylands,Hospital,0.92,19400000,4850000,75000,1,59600,30.9,62.6,3.88,71.1,29.9,472.7,0.623,0,0,0,0,0,None,0,1,0,0,0,113000,51000,0,0,0,0
POL029-2026,LOC029,2026,Drylands,Hospital,0.822,20610000,10300000,50000,3,58100,50.1,76.6,4.54,50.8,32.5,561.9,0.652,1,1,0,0,0,None,0,1,0,0,0,113000,51000,0,0,0,0
POL030-2024,LOC030,2024,Coastview,Manufacturing,0.814,20840000,10420000,40000,1,51600,26.9,62.0,4.58,67.5,33.1,1485.9,0.332,0,0,0,0,0,None,0,0,0,0,98000,126000,49000,0,0,0,0
POL030-2025,LOC030,2025,Coastview,Manufacturing,0.977,21970000,7690000,40000,2,61600,13.6,45.1,7.04,65.7,25.3,1563.3,0.072,0,1,0,0,0,None,0,0,0,0,98000,126000,49000,0,0,0,0
POL030-2026,LOC030,2026,Coastview,Manufacturing,0.883,21980000,7690000,60000,3,53600,31.3,45.5,3.72,73.9,26.7,1578.2,0.096,0,0,0,0,0,None,0,0,0,0,98000,126000,49000,0,0,0,0
POL031-2024,LOC031,2024,Northgate,Manufacturing,1.0,8770000,3070000,60000,2,23200,36.5,63.5,2.47,72.3,22.0,975.1,0.313,1,0,1,0,0,Air,0,1,0,1,0,85000,0,0,0,0,0
POL031-2025,LOC031,2025,Northgate,Manufacturing,0.928,8850000,2210000,60000,2,20900,31.1,63.3,2.16,70.2,23.9,844.3,0.199,0,0,0,0,0,None,0,1,0,1,0,85000,0,0,0,0,0
POL031-2026,LOC031,2026,Northgate,Manufacturing,0.905,9140000,4570000,40000,2,20900,34.3,71.4,2.48,73.1,25.1,859.9,0.315,1,0,0,0,0,None,0,1,0,1,0,85000,0,0,0,0,0
POL032-2024,LOC032,2024,Central Metro,Hospital,0.845,45250000,22620000,50000,3,133800,51.1,78.4,2.82,68.9,23.5,954.5,0.2,1,0,0,0,0,None,0,0,0,1,143000,164000,0,0,0,0,0
POL032-2025,LOC032,2025,Central Metro,Hospital,0.957,45600000,15960000,50000,2,151800,42.8,76.6,3.88,62.2,29.6,647.4,0.425,1,0,0,0,0,None,0,0,0,1,143000,164000,0,0,0,0,0
POL032-2026,LOC032,2026,Central Metro,Hospital,0.742,48120000,16840000,50000,3,128800,42.3,64.7,4.85,74.6,25.9,803.4,0.491,1,0,0,0,0,None,0,0,0,1,143000,164000,0,0,0,0,0
POL033-2024,LOC033,2024,Coastview,Food Processing,0.775,9000000,4500000,40000,1,20700,27.2,60.4,4.03,71.8,29.8,1601.0,0.02,0,0,0,0,0,None,0,0,1,0,76000,0,40000,0,0,0,0
POL033-2025,LOC033,2025,Coastview,Food Processing,0.839,9300000,2320000,40000,1,22000,29.9,48.0,2.86,65.5,28.0,1651.3,0.091,0,0,0,0,0,None,0,0,1,0,76000,0,40000,0,0,0,0
POL033-2026,LOC033,2026,Coastview,Food Processing,0.982,9890000,2470000,25000,2,29200,38.4,60.8,6.39,60.6,32.0,1493.6,0.3,1,1,0,0,0,None,0,0,1,0,76000,0,40000,0,0,0,0
POL034-2024,LOC034,2024,Drylands,Hospital,0.798,16130000,4030000,100000,1,47400,35.8,75.4,5.13,63.7,33.9,392.0,0.865,1,1,0,1,0,Water,1,0,0,0,83000,113000,53000,1,234355.61,170051.06,70051.06
POL034-2025,LOC034,2025,Drylands,Hospital,0.877,16480000,5770000,75000,3,49900,41.7,70.1,5.36,58.2,29.1,465.9,0.759,1,1,0,1,0,Water,0,0,0,0,83000,113000,53000,0,0,0,0
POL034-2026,LOC034,2026,Drylands,Hospital,0.969,16900000,5920000,50000,1,56000,43.3,72.2,4.85,57.8,29.3,471.0,0.668,1,1,0,0,0,None,0,0,0,0,83000,113000,53000,0,0,0,0
POL035-2024,LOC035,2024,Drylands,Food Processing,0.972,20680000,5170000,60000,1,62700,37.4,76.3,2.02,60.4,29.2,419.0,0.717,1,0,0,0,0,None,0,1,1,0,0,0,57000,0,0,0,0
POL035-2025,LOC035,2025,Drylands,Food Processing,1.0,22160000,7760000,25000,2,64700,46.9,82.5,4.68,57.0,30.9,398.6,0.723,1,1,1,0,0,Air,1,1,1,0,0,0,57000,1,168587.12,111521.84,86521.84
POL035-2026,LOC035,2026,Drylands,Food Processing,0.865,21960000,5490000,25000,2,54900,38.1,76.7,6.09,64.5,33.2,569.8,0.672,1,1,0,1,0,Water,0,1,1,0,0,0,57000,0,0,0,0
POL036-2024,LOC036,2024,Riverbend,Food Processing,0.97,27170000,13580000,40000,1,78500,25.6,51.3,3.77,71.4,23.6,1180.8,0.258,0,0,0,0,0,None,0,0,0,1,102000,133000,0,0,0,0,0
POL036-2025,LOC036,2025,Riverbend,Food Processing,0.867,27020000,9460000,60000,2,73000,33.8,63.5,6.07,64.0,26.1,1358.4,0.188,0,1,0,0,0,None,0,0,0,1,102000,133000,0,0,0,0,0
POL036-2026,LOC036,2026,Riverbend,Food Processing,0.743,28840000,7210000,25000,3,68500,33.4,57.4,5.83,61.5,20.3,1302.4,0.419,0,1,0,0,0,None,0,0,0,1,102000,133000,0,0,0,0,0
POL037-2024,LOC037,2024,Central Metro,Manufacturing,0.771,18590000,6510000,40000,2,39700,45.1,62.5,1.8,62.7,30.1,993.7,0.107,1,0,1,0,0,Air,1,0,1,1,91000,0,0,1,172764.33,83680.22,43680.22
POL037-2025,LOC037,2025,Central Metro,Manufacturing,0.704,20130000,7050000,40000,1,39000,50.9,81.5,1.17,78.7,25.6,791.8,0.449,1,0,1,0,0,Air,1,0,1,1,91000,0,0,1,348437.45,325479.54,285479.54
POL037-2026,LOC037,2026,Central Metro,Manufacturing,0.862,20390000,10200000,40000,1,46900,49.7,67.8,4.36,67.8,26.2,865.6,0.308,1,0,1,0,0,Air,0,0,1,1,91000,0,0,0,0,0,0
POL038-2024,LOC038,2024,Coastview,Hospital,0.719,26240000,6560000,75000,1,59500,23.4,53.4,6.29,61.3,29.8,1711.3,0.186,0,1,0,0,0,None,0,1,0,1,0,128000,0,0,0,0,0
POL038-2025,LOC038,2025,Coastview,Hospital,0.8,26030000,9110000,75000,1,60400,21.3,60.2,5.84,60.4,30.5,1399.4,0.304,0,1,0,0,0,None,0,1,0,1,0,128000,0,0,0,0,0
POL038-2026,LOC038,2026,Coastview,Hospital,0.984,27080000,13540000,50000,1,78300,31.1,49.1,3.17,61.1,31.0,1564.2,0.092,0,0,0,0,0,None,0,1,0,1,0,128000,0,0,0,0,0
POL039-2024,LOC039,2024,Drylands,Food Processing,0.777,7010000,2450000,25000,2,15800,40.8,67.4,7.23,61.5,31.0,594.1,0.832,1,1,0,1,0,Water,0,1,1,1,0,0,0,0,0,0,0
POL039-2025,LOC039,2025,Drylands,Food Processing,0.788,7170000,2510000,40000,1,15200,42.4,75.8,4.59,52.2,34.4,505.3,0.708,1,1,0,1,0,Water,1,1,1,1,0,0,0,1,58612.57,44552.07,4552.07
POL039-2026,LOC039,2026,Drylands,Food Processing,0.737,7260000,2540000,25000,1,14500,45.6,62.3,4.35,48.8,31.2,579.1,0.786,1,1,0,1,0,Water,0,1,1,1,0,0,0,0,0,0,0
POL040-2024,LOC040,2024,Northgate,Manufacturing,1.0,6850000,3420000,80000,3,19200,29.3,59.1,1.46,80.5,21.4,920.4,0.141,0,0,0,0,0,None,0,0,0,0,74000,82000,37000,0,0,0,0
POL040-2025,LOC040,2025,Northgate,Manufacturing,0.684,7220000,2530000,40000,1,13700,32.3,69.7,3.44,75.1,22.6,868.6,0.286,0,0,0,0,0,None,0,0,0,0,74000,82000,37000,0,0,0,0
POL040-2026,LOC040,2026,Northgate,Manufacturing,0.943,7370000,3680000,60000,2,19700,39.5,68.2,2.13,77.7,23.6,966.1,0.189,1,0,1,0,0,Air,1,0,0,0,74000,82000,37000,2,149549.96,75191.13,0.0
POL041-2024,LOC041,2024,Central Metro,Manufacturing,0.909,18230000,4560000,80000,3,43300,43.3,65.9,3.92,56.4,26.4,928.3,0.369,1,1,0,0,0,None,0,0,1,1,88000,0,0,0,0,0,0
POL041-2025,LOC041,2025,Central Metro,Manufacturing,0.928,18480000,4620000,80000,2,49700,41.2,80.2,5.08,69.6,24.8,728.2,0.43,1,1,0,0,0,None,0,0,1,1,88000,0,0,0,0,0,0
POL041-2026,LOC041,2026,Central Metro,Manufacturing,0.952,18810000,9400000,40000,2,47800,49.1,71.9,4.95,69.6,28.2,776.8,0.108,1,0,1,0,0,Air,0,0,1,1,88000,0,0,1,35654.14,19168.57,0.0
POL042-2024,LOC042,2024,Central Metro,Manufacturing,0.88,15280000,5350000,60000,2,39500,39.3,70.4,2.56,68.5,30.0,872.2,0.325,1,0,1,0,0,Air,0,0,0,0,90000,102000,47000,1,79830.81,14652.82,0.0
POL042-2025,LOC042,2025,Central Metro,Manufacturing,0.938,16140000,5650000,80000,2,45700,44.9,80.4,6.85,67.5,27.8,888.1,0.379,1,1,1,0,0,Air,0,0,0,0,90000,102000,47000,3,307797.94,207816.67,55221.45
POL042-2026,LOC042,2026,Central Metro,Manufacturing,0.869,16820000,4200000,40000,1,45000,46.7,88.6,5.39,69.1,29.9,819.5,0.412,1,1,0,0,0,None,0,0,0,0,90000,102000,47000,0,0,0,0
POL043-2024,LOC043,2024,Drylands,Hospital,0.97,15500000,3880000,50000,1,54200,35.7,75.2,6.13,50.9,30.4,540.0,0.789,1,1,0,0,0,None,0,0,0,1,84000,103000,0,0,0,0,0
POL043-2025,LOC043,2025,Drylands,Hospital,0.865,16130000,5650000,50000,1,49400,43.7,69.0,5.49,58.0,32.9,522.3,0.665,1,1,1,1,1,Compound,1,0,0,1,84000,103000,0,1,140435.86,82688.02,32688.02
POL043-2026,LOC043,2026,Drylands,Hospital,0.715,16160000,5660000,50000,2,38800,43.3,70.1,4.3,54.4,33.3,492.8,0.914,1,1,1,0,0,Air,0,0,0,1,84000,103000,0,2,237084.43,93377.05,28652.7
POL044-2024,LOC044,2024,Central Metro,Manufacturing,0.925,23210000,11600000,80000,1,68600,40.2,76.6,4.91,70.2,30.6,835.5,0.332,1,0,1,0,0,Air,0,0,0,0,104000,128000,58000,0,0,0,0
POL044-2025,LOC044,2025,Central Metro,Manufacturing,0.843,24300000,8500000,60000,2,62400,42.3,59.4,4.73,71.9,25.6,818.5,0.451,1,0,1,0,0,Air,1,0,0,0,104000,128000,58000,1,64064.54,47166.97,0.0
POL044-2026,LOC044,2026,Central Metro,Manufacturing,1.0,25070000,8770000,80000,1,73500,50.2,79.4,4.79,50.7,28.9,770.2,0.371,1,1,0,0,0,None,0,0,0,0,104000,128000,58000,0,0,0,0
POL045-2024,LOC045,2024,Northgate,Food Processing,0.687,18720000,6550000,25000,2,36000,29.1,75.5,1.48,74.4,23.3,952.6,0.108,1,0,0,0,0,None,0,1,1,0,0,0,51000,0,0,0,0
POL045-2025,LOC045,2025,Northgate,Food Processing,1.0,19170000,6710000,25000,3,51200,33.4,67.1,3.34,67.1,18.5,993.7,0.288,0,0,0,0,0,None,0,1,1,0,0,0,51000,0,0,0,0
POL045-2026,LOC045,2026,Northgate,Food Processing,0.918,20480000,5120000,25000,2,52000,35.5,54.3,2.45,69.5,25.9,833.3,0.246,1,0,0,0,0,None,0,1,1,0,0,0,51000,0,0,0,0
POL046-2024,LOC046,2024,Coastview,Manufacturing,0.76,19030000,4760000,60000,2,38900,20.6,51.6,3.96,62.4,29.2,1745.8,0.02,0,0,0,0,0,None,0,1,0,0,0,118000,56000,0,0,0,0
POL046-2025,LOC046,2025,Coastview,Manufacturing,0.754,19570000,9780000,80000,1,41100,31.1,55.2,5.82,57.4,29.1,1698.8,0.202,0,1,0,0,0,None,0,1,0,0,0,118000,56000,0,0,0,0
POL046-2026,LOC046,2026,Coastview,Manufacturing,1.0,21100000,10550000,40000,1,59100,31.3,50.2,4.94,61.5,28.0,1557.1,0.181,0,0,0,0,0,None,0,1,0,0,0,118000,56000,0,0,0,0
POL047-2024,LOC047,2024,Northgate,Food Processing,0.814,9860000,4930000,25000,2,22600,28.2,55.9,1.68,76.6,25.6,946.2,0.286,0,0,0,0,0,None,0,1,1,0,0,0,43000,0,0,0,0
POL047-2025,LOC047,2025,Northgate,Food Processing,0.797,10260000,3590000,40000,2,22600,34.9,53.9,3.99,62.2,22.9,880.8,0.288,0,0,0,0,0,None,0,1,1,0,0,0,43000,0,0,0,0
POL047-2026,LOC047,2026,Northgate,Food Processing,0.959,10300000,5150000,40000,1,27100,36.1,58.2,3.43,75.0,23.6,990.3,0.408,1,0,0,0,0,None,0,1,1,0,0,0,43000,0,0,0,0
POL048-2024,LOC048,2024,Drylands,Manufacturing,0.955,18600000,6510000,40000,3,46800,36.4,69.1,5.13,54.5,28.6,452.8,0.671,1,1,1,1,1,Compound,0,1,1,1,0,0,0,0,0,0,0
POL048-2025,LOC048,2025,Drylands,Manufacturing,0.769,20300000,7100000,60000,2,42900,38.6,69.6,5.35,61.9,33.6,477.5,0.724,1,1,0,0,0,None,0,1,1,1,0,0,0,0,0,0,0
POL048-2026,LOC048,2026,Drylands,Manufacturing,0.905,20400000,5100000,60000,2,45800,38.0,50.9,4.93,66.9,35.1,609.8,0.886,1,0,0,0,0,None,0,1,1,1,0,0,0,0,0,0,0
POL049-2024,LOC049,2024,Central Metro,Manufacturing,0.839,12820000,3200000,60000,1,29600,34.1,73.8,1.31,71.5,23.1,759.3,0.327,1,0,1,0,0,Air,0,1,0,0,0,102000,49000,0,0,0,0
POL049-2025,LOC049,2025,Central Metro,Manufacturing,0.993,12760000,3190000,80000,3,36700,48.8,76.2,4.54,78.9,25.7,687.7,0.359,1,0,0,0,0,None,0,1,0,0,0,102000,49000,0,0,0,0
POL049-2026,LOC049,2026,Central Metro,Manufacturing,0.734,13820000,4840000,40000,2,31000,53.8,68.0,1.66,76.6,31.5,710.7,0.296,1,0,0,0,0,None,0,1,0,0,0,102000,49000,0,0,0,0
POL050-2024,LOC050,2024,Coastview,Food Processing,0.761,14860000,3720000,25000,1,32300,33.1,50.0,5.22,76.5,28.6,1453.5,0.118,0,1,0,0,0,None,0,1,0,0,0,110000,45000,0,0,0,0
POL050-2025,LOC050,2025,Coastview,Food Processing,0.761,15020000,7510000,40000,1,35300,28.3,46.0,3.28,71.7,29.2,1331.8,0.276,0,0,0,0,0,None,0,1,0,0,0,110000,45000,0,0,0,0
POL050-2026,LOC050,2026,Coastview,Food Processing,0.846,15330000,7660000,60000,3,35700,27.4,54.6,4.53,52.8,26.6,1682.3,0.279,0,1,0,0,0,None,0,1,0,0,0,110000,45000,0,0,0,0
POL051-2024,LOC051,2024,Drylands,Food Processing,0.693,8310000,2910000,60000,2,17800,41.8,63.2,4.95,65.3,29.7,610.5,0.869,1,0,1,0,0,Air,0,1,0,0,0,98000,45000,0,0,0,0
POL051-2025,LOC051,2025,Drylands,Food Processing,0.685,8830000,3090000,60000,3,19100,40.3,72.7,6.27,56.6,35.6,524.7,0.71,1,1,0,0,0,None,0,1,0,0,0,98000,45000,0,0,0,0
POL051-2026,LOC051,2026,Drylands,Food Processing,0.954,9000000,4500000,60000,2,28200,36.6,65.1,3.53,56.8,30.0,460.1,0.825,1,1,0,0,0,None,0,1,0,0,0,98000,45000,0,0,0,0
POL052-2024,LOC052,2024,Riverbend,Manufacturing,0.805,14790000,5180000,60000,1,31900,35.9,61.7,6.21,61.5,23.7,1282.7,0.287,1,1,0,0,0,None,0,0,1,0,80000,0,48000,0,0,0,0
POL052-2025,LOC052,2025,Riverbend,Manufacturing,1.0,15350000,7680000,80000,1,45000,23.6,69.2,5.01,51.7,27.2,1310.5,0.038,0,1,0,0,0,None,0,0,1,0,80000,0,48000,0,0,0,0
POL052-2026,LOC052,2026,Riverbend,Manufacturing,0.694,16360000,5730000,40000,2,31900,27.8,49.4,4.83,55.6,26.2,1325.6,0.196,0,1,0,0,0,None,0,0,1,0,80000,0,48000,0,0,0,0
POL053-2024,LOC053,2024,Northgate,Food Processing,0.745,28860000,10100000,25000,2,60900,27.6,56.5,1.71,75.2,21.4,992.6,0.249,0,0,0,0,0,None,0,0,1,0,110000,0,57000,0,0,0,0
POL053-2025,LOC053,2025,Northgate,Food Processing,0.779,29910000,10470000,60000,1,64300,40.0,72.4,3.58,73.0,26.9,1032.3,0.255,1,0,0,0,0,None,0,0,1,0,110000,0,57000,0,0,0,0
POL053-2026,LOC053,2026,Northgate,Food Processing,0.928,31310000,7830000,40000,2,80300,34.0,71.8,3.14,78.2,20.1,931.1,0.219,1,0,0,0,0,None,0,0,1,0,110000,0,57000,0,0,0,0
POL054-2024,LOC054,2024,Coastview,Hospital,0.814,58620000,14660000,50000,2,151900,23.2,48.3,4.97,72.7,29.3,1524.4,0.02,0,0,0,0,0,None,0,1,0,0,0,197000,90000,0,0,0,0
POL054-2025,LOC054,2025,Coastview,Hospital,0.705,62660000,15660000,75000,1,140300,22.8,58.0,6.02,51.9,31.3,1493.2,0.23,0,1,0,1,0,Water,1,1,0,0,0,197000,90000,1,359443.19,298962.28,223962.28
POL054-2026,LOC054,2026,Coastview,Hospital,0.998,63900000,31950000,50000,3,211900,24.1,50.7,5.09,57.6,25.5,1546.3,0.201,0,1,0,0,0,None,0,1,0,0,0,197000,90000,0,0,0,0
POL055-2024,LOC055,2024,Northgate,Manufacturing,0.704,14020000,4910000,60000,1,25200,22.0,58.0,2.72,65.0,22.0,1034.8,0.393,0,0,0,0,0,None,0,0,1,1,79000,0,0,0,0,0,0
POL055-2025,LOC055,2025,Northgate,Manufacturing,0.9,14750000,3690000,60000,3,34400,37.4,62.4,3.11,75.1,20.8,888.7,0.247,1,0,0,0,0,None,0,0,1,1,79000,0,0,0,0,0,0
POL055-2026,LOC055,2026,Northgate,Manufacturing,0.781,15470000,5410000,60000,2,31600,42.2,67.3,2.81,77.2,21.7,840.4,0.248,1,0,0,0,0,None,0,0,1,1,79000,0,0,0,0,0,0
POL056-2024,LOC056,2024,Northgate,Hospital,0.94,52640000,26320000,75000,2,160600,28.6,61.5,3.31,76.4,21.2,875.1,0.134,0,0,0,0,0,None,0,1,0,0,0,197000,83000,0,0,0,0
POL056-2025,LOC056,2025,Northgate,Hospital,0.965,55600000,27800000,50000,1,167900,34.0,58.6,2.28,70.2,20.1,801.6,0.278,0,0,0,0,0,None,0,1,0,0,0,197000,83000,0,0,0,0
POL056-2026,LOC056,2026,Northgate,Hospital,0.929,57870000,20250000,50000,2,174800,39.9,62.9,2.05,73.0,25.0,750.9,0.267,1,0,0,0,0,None,0,1,0,0,0,197000,83000,0,0,0,0
POL057-2024,LOC057,2024,Coastview,Food Processing,0.939,17170000,6010000,25000,2,46100,20.9,47.4,6.33,67.2,30.5,1321.1,0.02,0,1,0,0,0,None,0,1,1,0,0,0,54000,0,0,0,0
POL057-2025,LOC057,2025,Coastview,Food Processing,0.788,18400000,6440000,40000,3,40500,32.7,60.2,3.24,68.4,33.3,1461.6,0.027,0,0,0,0,0,None,0,1,1,0,0,0,54000,0,0,0,0
POL057-2026,LOC057,2026,Coastview,Food Processing,0.786,18930000,9460000,60000,2,40700,21.8,61.5,4.53,64.3,30.3,1613.3,0.176,0,0,0,0,0,None,0,1,1,0,0,0,54000,0,0,0,0
POL058-2024,LOC058,2024,Northgate,Manufacturing,0.71,11360000,3980000,60000,1,21500,17.4,52.3,2.64,61.9,22.4,1145.4,0.192,0,0,0,0,0,None,0,1,0,0,0,98000,42000,0,0,0,0
POL058-2025,LOC058,2025,Northgate,Manufacturing,0.728,12200000,3050000,60000,2,25000,35.7,66.6,1.04,70.5,22.8,927.2,0.323,1,0,0,0,0,None,0,1,0,0,0,98000,42000,0,0,0,0
POL058-2026,LOC058,2026,Northgate,Manufacturing,0.721,12710000,6360000,40000,1,25200,36.3,52.5,5.02,67.6,20.2,1015.9,0.38,1,1,0,0,0,None,0,1,0,0,0,98000,42000,0,0,0,0
POL059-2024,LOC059,2024,Riverbend,Food Processing,0.731,9570000,3350000,25000,2,19400,26.7,55.8,6.85,64.6,24.7,1299.6,0.166,0,1,0,0,0,None,0,1,1,1,0,0,0,0,0,0,0
POL059-2025,LOC059,2025,Riverbend,Food Processing,0.954,9650000,4820000,25000,2,23600,31.8,54.4,7.14,58.2,26.4,1049.4,0.165,0,1,0,0,0,None,0,1,1,1,0,0,0,0,0,0,0
POL059-2026,LOC059,2026,Riverbend,Food Processing,0.876,9790000,3430000,40000,2,22800,34.1,60.5,5.65,65.5,25.7,1237.5,0.312,0,1,0,0,0,None,0,1,1,1,0,0,0,0,0,0,0
POL060-2024,LOC060,2024,Central Metro,Food Processing,0.728,15230000,5330000,40000,3,33200,41.9,75.5,2.35,79.6,26.1,819.2,0.583,1,0,0,0,0,None,0,0,1,0,89000,0,46000,0,0,0,0
POL060-2025,LOC060,2025,Central Metro,Food Processing,0.768,15980000,7990000,25000,3,39600,50.2,83.1,4.66,70.5,31.0,703.6,0.224,1,0,0,0,0,None,0,0,1,0,89000,0,46000,0,0,0,0
POL060-2026,LOC060,2026,Central Metro,Food Processing,0.901,17030000,8520000,40000,2,47000,43.7,92.9,4.54,64.0,32.7,801.7,0.466,1,0,1,0,0,Air,0,0,1,0,89000,0,46000,0,0,0,0
POL061-2024,LOC061,2024,Riverbend,Hospital,0.929,13150000,4600000,100000,1,41400,29.5,64.7,3.41,70.4,25.8,1620.0,0.251,0,0,0,0,0,None,0,0,0,1,85000,97000,0,0,0,0,0
POL061-2025,LOC061,2025,Riverbend,Hospital,0.829,14360000,5030000,50000,3,39800,22.3,57.9,7.85,62.2,25.8,1210.0,0.188,0,1,0,0,0,None,0,0,0,1,85000,97000,0,0,0,0,0
POL061-2026,LOC061,2026,Riverbend,Hospital,0.876,14850000,5200000,50000,2,41800,30.1,49.3,7.52,59.4,28.5,1300.5,0.184,0,1,0,1,0,Water,1,0,0,1,85000,97000,0,2,293905.67,221113.69,121113.69
POL062-2024,LOC062,2024,Coastview,Food Processing,0.791,9230000,2310000,40000,2,21900,15.1,54.1,4.71,63.7,25.3,1478.2,0.078,0,0,0,0,0,None,0,0,0,1,73000,94000,0,0,0,0,0
POL062-2025,LOC062,2025,Coastview,Food Processing,0.98,9850000,3450000,40000,1,28200,30.2,56.3,4.37,77.7,25.7,1710.8,0.147,0,0,0,0,0,None,0,0,0,1,73000,94000,0,0,0,0,0
POL062-2026,LOC062,2026,Coastview,Food Processing,0.702,10340000,5170000,25000,2,22900,27.0,67.9,4.93,51.1,31.3,1621.8,0.294,0,1,0,0,0,None,0,0,0,1,73000,94000,0,0,0,0,0
POL063-2024,LOC063,2024,Central Metro,Hospital,0.98,52990000,13250000,75000,2,168000,46.9,65.0,4.31,74.1,26.9,799.5,0.245,1,0,0,0,0,None,0,1,0,1,0,190000,0,0,0,0,0
POL063-2025,LOC063,2025,Central Metro,Hospital,0.817,56590000,19810000,75000,1,146700,45.5,66.6,2.96,64.1,29.1,814.5,0.303,1,0,0,0,0,None,0,1,0,1,0,190000,0,0,0,0,0
POL063-2026,LOC063,2026,Central Metro,Hospital,0.824,56170000,14040000,75000,1,144600,55.1,63.0,3.98,68.1,28.2,946.4,0.346,1,0,0,0,0,None,0,1,0,1,0,190000,0,0,0,0,0
POL064-2024,LOC064,2024,Coastview,Manufacturing,0.8,22770000,7970000,60000,2,52600,26.0,61.9,4.21,60.6,33.0,1520.3,0.259,0,0,0,0,0,None,0,0,0,1,94000,128000,0,0,0,0,0
POL064-2025,LOC064,2025,Coastview,Manufacturing,1.0,24550000,8590000,60000,2,65300,35.7,38.9,3.07,66.8,26.9,1424.3,0.08,1,0,0,0,0,None,0,0,0,1,94000,128000,0,0,0,0,0
POL064-2026,LOC064,2026,Coastview,Manufacturing,0.777,24940000,6240000,40000,1,56700,31.0,63.1,4.74,74.1,26.9,1506.9,0.236,0,0,0,0,0,None,0,0,0,1,94000,128000,0,0,0,0,0
POL065-2024,LOC065,2024,Drylands,Hospital,0.887,40890000,14310000,50000,1,121700,43.6,70.6,4.8,63.2,30.1,484.7,0.735,1,0,1,0,0,Air,0,1,1,0,0,0,70000,0,0,0,0
POL065-2025,LOC065,2025,Drylands,Hospital,0.748,41500000,20750000,50000,1,95000,39.5,72.2,4.91,70.0,30.4,545.5,0.862,1,0,0,0,0,None,0,1,1,0,0,0,70000,0,0,0,0
POL065-2026,LOC065,2026,Drylands,Hospital,0.723,42710000,14950000,75000,1,99700,36.1,70.2,3.98,69.4,33.3,486.4,0.793,1,0,0,0,0,None,0,1,1,0,0,0,70000,0,0,0,0
POL066-2024,LOC066,2024,Central Metro,Food Processing,0.925,14860000,3720000,40000,1,41100,44.9,68.7,0.4,64.2,28.7,769.6,0.152,1,0,0,0,0,None,0,1,1,0,0,0,49000,0,0,0,0
POL066-2025,LOC066,2025,Central Metro,Food Processing,1.0,15460000,3860000,40000,2,46700,36.8,65.8,5.31,65.9,25.5,710.5,0.397,1,1,0,0,0,None,0,1,1,0,0,0,49000,0,0,0,0
POL066-2026,LOC066,2026,Central Metro,Food Processing,1.0,15960000,7980000,40000,1,46400,45.8,74.9,5.38,70.1,29.9,919.6,0.288,1,1,0,0,0,None,0,1,1,0,0,0,49000,0,0,0,0
POL067-2024,LOC067,2024,Central Metro,Hospital,0.912,52390000,13100000,50000,1,138500,49.2,69.3,4.07,70.9,23.9,963.6,0.315,1,0,0,0,0,None,0,1,1,1,0,0,0,0,0,0,0
POL067-2025,LOC067,2025,Central Metro,Hospital,0.755,56580000,14140000,50000,1,130200,45.4,69.5,3.82,70.9,24.4,810.0,0.274,1,0,1,0,0,Air,0,1,1,1,0,0,0,0,0,0,0
POL067-2026,LOC067,2026,Central Metro,Hospital,0.877,56500000,19780000,75000,2,139500,43.4,73.4,2.64,66.8,24.4,845.9,0.278,1,0,0,0,0,None,0,1,1,1,0,0,0,0,0,0,0
POL068-2024,LOC068,2024,Drylands,Manufacturing,0.766,18190000,9100000,40000,1,43100,36.8,53.8,5.24,57.9,25.9,552.1,0.845,1,1,1,0,0,Air,1,1,0,0,0,112000,54000,2,234175.91,199321.57,119321.57
POL068-2025,LOC068,2025,Drylands,Manufacturing,0.84,18950000,6630000,40000,2,49500,41.8,71.5,4.44,58.2,32.4,644.3,0.731,1,1,1,0,0,Air,0,1,0,0,0,112000,54000,1,130508.92,46360.68,6360.68
POL068-2026,LOC068,2026,Drylands,Manufacturing,0.849,19250000,9620000,60000,2,47500,35.6,68.4,3.57,61.3,29.6,522.6,0.635,1,0,0,0,0,None,0,1,0,0,0,112000,54000,0,0,0,0
POL069-2024,LOC069,2024,Drylands,Hospital,0.721,46080000,23040000,100000,1,112700,36.2,64.0,5.3,56.1,32.4,521.6,0.75,1,1,0,1,0,Water,0,0,0,1,139000,173000,0,0,0,0,0
POL069-2025,LOC069,2025,Drylands,Hospital,0.966,48340000,12080000,50000,1,154900,30.6,68.1,2.59,68.0,32.2,392.7,0.661,0,0,0,0,0,None,0,0,0,1,139000,173000,0,0,0,0,0
POL069-2026,LOC069,2026,Drylands,Hospital,0.91,49850000,24920000,50000,2,155900,44.6,72.4,2.87,58.8,31.7,672.4,0.714,1,1,1,0,0,Air,0,0,0,1,139000,173000,0,0,0,0,0
POL070-2024,LOC070,2024,Coastview,Hospital,0.874,51580000,25790000,75000,2,134600,21.2,44.2,3.98,80.0,25.4,1515.1,0.067,0,0,0,0,0,None,0,1,0,0,0,194000,82000,0,0,0,0
POL070-2025,LOC070,2025,Coastview,Hospital,0.809,53980000,26990000,75000,3,131400,26.0,46.6,2.19,62.2,27.3,1302.3,0.208,0,0,0,0,0,None,0,1,0,0,0,194000,82000,0,0,0,0
POL070-2026,LOC070,2026,Coastview,Hospital,0.89,57010000,28500000,50000,2,159400,34.5,51.8,3.3,74.3,26.5,1415.7,0.245,0,0,0,0,0,None,0,1,0,0,0,194000,82000,0,0,0,0
POL071-2024,LOC071,2024,Drylands,Manufacturing,0.875,15030000,5260000,60000,2,35800,41.3,78.7,3.04,63.0,29.1,594.1,0.802,1,0,0,0,0,None,0,0,1,1,81000,0,0,0,0,0,0
POL071-2025,LOC071,2025,Drylands,Manufacturing,0.73,15870000,5550000,60000,3,31700,39.4,75.0,3.71,49.3,37.8,468.5,0.586,1,1,0,0,0,None,0,0,1,1,81000,0,0,0,0,0,0
POL071-2026,LOC071,2026,Drylands,Manufacturing,0.774,15920000,7960000,80000,2,36700,34.8,64.9,4.42,54.1,34.6,546.7,0.815,0,1,0,0,0,None,0,0,1,1,81000,0,0,0,0,0,0
POL072-2024,LOC072,2024,Drylands,Food Processing,0.761,13490000,6740000,40000,1,34200,43.1,71.2,3.06,63.4,31.1,592.7,0.712,1,0,0,0,0,None,0,0,1,0,81000,0,49000,0,0,0,0
POL072-2025,LOC072,2025,Drylands,Food Processing,0.717,13640000,6820000,40000,1,31500,53.9,68.9,4.38,62.0,29.6,552.0,0.706,1,0,1,0,0,Air,1,0,1,0,81000,0,49000,1,56591.7,46597.39,6597.39
POL072-2026,LOC072,2026,Drylands,Food Processing,1.0,14250000,3560000,25000,2,46000,48.1,61.7,4.11,63.1,31.1,527.4,0.76,1,0,0,0,0,None,0,0,1,0,81000,0,49000,0,0,0,0
POL073-2024,LOC073,2024,Drylands,Food Processing,0.947,12690000,3170000,40000,2,36800,42.3,65.7,3.8,70.1,29.9,460.2,0.488,1,0,0,0,0,None,0,0,1,0,78000,0,48000,0,0,0,0
POL073-2025,LOC073,2025,Drylands,Food Processing,0.712,12640000,4420000,60000,1,29600,36.7,74.9,2.96,62.5,29.5,454.4,0.842,1,0,0,0,0,None,0,0,1,0,78000,0,48000,0,0,0,0
POL073-2026,LOC073,2026,Drylands,Food Processing,0.737,13630000,6820000,60000,2,33200,49.5,74.1,3.49,60.0,33.5,401.1,0.95,1,0,1,0,0,Air,0,0,1,0,78000,0,48000,0,0,0,0
POL074-2024,LOC074,2024,Northgate,Hospital,0.785,16260000,5690000,75000,1,38000,25.4,48.4,1.04,68.0,25.1,744.2,0.318,0,0,0,0,0,None,0,0,1,1,87000,0,0,0,0,0,0
POL074-2025,LOC074,2025,Northgate,Hospital,0.682,16670000,8340000,100000,3,33000,34.1,55.3,1.9,75.3,25.3,1009.2,0.252,0,0,0,0,0,None,0,0,1,1,87000,0,0,0,0,0,0
POL074-2026,LOC074,2026,Northgate,Hospital,0.754,17100000,5980000,50000,1,36900,25.9,58.8,4.21,78.5,22.5,891.1,0.402,0,0,0,0,0,None,0,0,1,1,87000,0,0,0,0,0,0
POL075-2024,LOC075,2024,Central Metro,Hospital,0.785,6630000,3320000,50000,1,17900,44.0,76.6,4.77,67.4,24.5,689.6,0.263,1,0,1,0,0,Air,1,1,0,0,0,90000,39000,1,21346.03,17670.2,0.0
POL075-2025,LOC075,2025,Central Metro,Hospital,0.811,6770000,2370000,50000,1,17300,43.6,79.4,5.63,64.3,28.5,790.9,0.157,1,1,0,0,0,None,0,1,0,0,0,90000,39000,0,0,0,0
POL075-2026,LOC075,2026,Central Metro,Hospital,0.988,7110000,3560000,50000,1,24600,44.7,59.0,2.17,62.4,27.6,803.4,0.417,1,0,0,0,0,None,0,1,0,0,0,90000,39000,0,0,0,0
POL076-2024,LOC076,2024,Coastview,Manufacturing,0.836,13450000,6720000,60000,2,28200,23.6,48.2,6.18,61.6,29.0,1603.2,0.28,0,1,0,0,0,None,0,1,1,1,0,0,0,0,0,0,0
POL076-2025,LOC076,2025,Coastview,Manufacturing,0.82,14060000,7030000,40000,2,27500,30.3,61.4,5.08,69.3,27.5,1442.7,0.181,0,1,0,1,0,Water,1,1,1,1,0,0,0,1,147449.64,72921.64,32921.64
POL076-2026,LOC076,2026,Coastview,Manufacturing,0.701,13990000,4900000,60000,2,22500,23.8,56.2,4.55,67.7,26.9,1753.1,0.126,0,0,0,0,0,None,0,1,1,1,0,0,0,0,0,0,0
POL077-2024,LOC077,2024,Central Metro,Manufacturing,0.862,16360000,8180000,80000,3,39100,54.4,78.8,2.54,68.1,25.4,1005.1,0.266,1,0,0,0,0,None,0,1,0,1,0,108000,0,0,0,0,0
POL077-2025,LOC077,2025,Central Metro,Manufacturing,0.73,16340000,4080000,40000,1,33500,53.8,82.7,4.21,64.4,24.7,736.5,0.204,1,0,0,0,0,None,0,1,0,1,0,108000,0,0,0,0,0
POL077-2026,LOC077,2026,Central Metro,Manufacturing,0.946,17240000,6030000,60000,2,46900,49.4,72.9,4.89,72.4,23.3,869.7,0.246,1,0,1,0,0,Air,0,1,0,1,0,108000,0,2,238545.5,141760.68,31449.85
POL078-2024,LOC078,2024,Central Metro,Food Processing,1.0,17820000,6240000,25000,1,53400,38.7,80.0,4.73,77.3,28.1,767.7,0.23,1,0,0,0,0,None,0,1,1,0,0,0,55000,0,0,0,0
POL078-2025,LOC078,2025,Central Metro,Food Processing,0.818,18650000,6530000,25000,3,44100,56.2,61.6,2.9,53.8,26.3,780.9,0.329,1,1,1,0,0,Air,0,1,1,0,0,0,55000,0,0,0,0
POL078-2026,LOC078,2026,Central Metro,Food Processing,0.925,19040000,6660000,40000,3,52800,42.4,73.0,3.97,72.7,26.9,729.6,0.315,1,0,0,0,0,None,0,1,1,0,0,0,55000,0,0,0,0
POL079-2024,LOC079,2024,Riverbend,Hospital,0.998,23600000,8260000,50000,2,67400,39.6,53.2,3.92,64.3,23.8,1293.0,0.366,1,0,0,0,0,None,0,1,1,1,0,0,0,0,0,0,0
POL079-2025,LOC079,2025,Riverbend,Hospital,0.739,25120000,6280000,75000,2,53800,36.2,55.5,6.59,53.8,23.2,1222.5,0.215,1,1,0,0,0,None,0,1,1,1,0,0,0,0,0,0,0
POL079-2026,LOC079,2026,Riverbend,Hospital,0.816,25740000,6440000,100000,2,57800,35.3,57.5,6.85,62.7,27.4,1077.5,0.3,1,1,0,0,0,None,0,1,1,1,0,0,0,0,0,0,0
POL080-2024,LOC080,2024,Riverbend,Food Processing,0.75,12650000,3160000,40000,2,28500,20.3,57.2,4.48,72.8,24.1,1256.9,0.108,0,0,0,0,0,None,0,1,0,0,0,104000,46000,0,0,0,0
POL080-2025,LOC080,2025,Riverbend,Food Processing,0.78,12860000,6430000,25000,2,29800,30.9,66.7,4.77,63.9,25.6,1151.3,0.379,0,0,0,0,0,None,0,1,0,0,0,104000,46000,0,0,0,0
POL080-2026,LOC080,2026,Riverbend,Food Processing,1.0,13700000,3420000,25000,2,39800,31.9,45.5,6.46,62.3,23.3,1398.5,0.549,0,1,0,0,0,None,0,1,0,0,0,104000,46000,0,0,0,0
POL081-2024,LOC081,2024,Coastview,Hospital,1.0,38650000,13530000,50000,1,122500,20.1,46.2,3.72,72.8,28.0,1369.7,0.171,0,0,0,0,0,None,0,0,0,0,127000,150000,68000,0,0,0,0
POL081-2025,LOC081,2025,Coastview,Hospital,1.0,39910000,9980000,50000,1,140600,25.8,60.5,3.78,60.1,30.4,1346.5,0.02,0,0,0,0,0,None,0,0,0,0,127000,150000,68000,0,0,0,0
POL081-2026,LOC081,2026,Coastview,Hospital,0.748,41720000,14600000,50000,2,103500,33.6,62.1,4.67,53.2,29.3,1621.9,0.205,0,1,0,0,0,None,0,0,0,0,127000,150000,68000,0,0,0,0
POL082-2024,LOC082,2024,Coastview,Food Processing,0.68,12290000,4300000,25000,1,25400,15.6,66.9,4.89,63.2,27.8,1806.5,0.025,0,0,0,0,0,None,0,1,0,0,0,93000,47000,0,0,0,0
POL082-2025,LOC082,2025,Coastview,Food Processing,0.892,12520000,4380000,40000,2,34200,21.2,60.0,5.19,52.5,26.3,1671.0,0.345,0,1,0,0,0,None,0,1,0,0,0,93000,47000,0,0,0,0
POL082-2026,LOC082,2026,Coastview,Food Processing,1.0,12910000,6460000,25000,1,38200,40.9,53.6,4.47,57.4,31.3,1543.9,0.234,1,1,0,0,0,None,0,1,0,0,0,93000,47000,0,0,0,0
POL083-2024,LOC083,2024,Riverbend,Food Processing,0.939,11940000,4180000,60000,2,33200,30.3,58.4,5.77,54.6,28.1,1396.4,0.127,0,1,0,1,0,Water,1,1,0,0,0,104000,47000,1,92814.32,39470.45,0.0
POL083-2025,LOC083,2025,Riverbend,Food Processing,0.755,12580000,6290000,60000,1,28900,27.3,61.4,6.52,61.2,28.0,1285.3,0.063,0,1,0,0,0,None,0,1,0,0,0,104000,47000,0,0,0,0
POL083-2026,LOC083,2026,Riverbend,Food Processing,0.764,13000000,4550000,40000,1,29000,32.5,68.6,7.07,64.1,26.2,1173.1,0.308,0,1,0,0,0,None,0,1,0,0,0,104000,47000,0,0,0,0
POL084-2024,LOC084,2024,Riverbend,Manufacturing,1.0,11410000,3990000,60000,1,31900,35.7,63.3,5.28,57.0,23.4,1154.7,0.216,1,1,0,1,0,Water,0,0,0,0,80000,99000,42000,0,0,0,0
POL084-2025,LOC084,2025,Riverbend,Manufacturing,1.0,11750000,2940000,40000,3,34200,30.3,61.0,6.78,52.9,24.9,1441.2,0.028,0,1,0,0,0,None,0,0,0,0,80000,99000,42000,0,0,0,0
POL084-2026,LOC084,2026,Riverbend,Manufacturing,0.715,12250000,4290000,60000,2,24800,33.6,69.6,5.33,50.5,26.4,1255.1,0.347,0,1,0,0,0,None,0,0,0,0,80000,99000,42000,0,0,0,0
POL085-2024,LOC085,2024,Northgate,Food Processing,0.847,7840000,2740000,40000,2,18600,34.3,55.6,3.01,72.7,25.5,948.3,0.29,0,0,0,0,0,None,0,0,1,0,69000,0,42000,0,0,0,0
POL085-2025,LOC085,2025,Northgate,Food Processing,0.748,8530000,2130000,25000,2,19200,23.1,61.5,2.86,76.6,22.7,879.8,0.134,0,0,0,0,0,None,0,0,1,0,69000,0,42000,0,0,0,0
POL085-2026,LOC085,2026,Northgate,Food Processing,0.944,8830000,3090000,25000,1,23400,39.7,71.7,4.31,67.5,24.4,968.2,0.309,1,0,0,0,0,None,0,0,1,0,69000,0,42000,0,0,0,0
POL086-2024,LOC086,2024,Northgate,Hospital,1.0,35930000,12580000,75000,1,123100,25.8,64.7,2.87,63.2,22.8,909.7,0.242,0,0,0,0,0,None,0,0,0,0,125000,150000,65000,0,0,0,0
POL086-2025,LOC086,2025,Northgate,Hospital,0.697,37800000,9450000,75000,1,88000,22.1,57.0,3.11,72.1,25.9,870.6,0.288,0,0,0,0,0,None,0,0,0,0,125000,150000,65000,0,0,0,0
POL086-2026,LOC086,2026,Northgate,Hospital,0.892,37850000,9460000,75000,2,111500,32.4,63.3,2.37,75.7,22.8,1060.5,0.252,0,0,0,0,0,None,0,0,0,0,125000,150000,65000,0,0,0,0
POL087-2024,LOC087,2024,Coastview,Food Processing,0.906,12020000,4210000,25000,1,33000,31.2,49.3,5.24,75.5,32.2,1707.0,0.02,0,1,0,0,0,None,0,1,0,0,0,102000,47000,0,0,0,0
POL087-2025,LOC087,2025,Coastview,Food Processing,0.749,12290000,4300000,40000,2,26700,21.3,47.2,5.45,66.7,31.3,1468.1,0.276,0,1,0,1,0,Water,0,1,0,0,0,102000,47000,0,0,0,0
POL087-2026,LOC087,2026,Coastview,Food Processing,0.95,12410000,6200000,25000,1,34900,36.7,62.8,6.28,84.0,28.9,1553.0,0.214,1,1,0,0,0,None,0,1,0,0,0,102000,47000,0,0,0,0
POL088-2024,LOC088,2024,Drylands,Hospital,0.929,27370000,9580000,100000,3,73600,40.0,70.7,2.58,66.6,34.0,536.5,0.785,1,0,0,0,0,None,0,1,1,1,0,0,0,0,0,0,0
POL088-2025,LOC088,2025,Drylands,Hospital,0.949,28830000,7210000,50000,1,83400,47.2,58.7,5.59,63.2,29.1,447.5,0.707,1,1,0,0,0,None,0,1,1,1,0,0,0,0,0,0,0
POL088-2026,LOC088,2026,Drylands,Hospital,0.968,29420000,10300000,50000,3,89000,35.3,86.6,4.98,64.5,34.7,445.2,0.764,1,0,1,0,0,Air,0,1,1,1,0,0,0,1,119097.26,52491.65,2491.65
POL089-2024,LOC089,2024,Northgate,Hospital,0.74,50680000,12670000,75000,2,121100,26.7,57.6,4.0,68.3,25.0,1242.0,0.222,0,0,0,0,0,None,0,1,0,0,0,191000,82000,0,0,0,0
POL089-2025,LOC089,2025,Northgate,Hospital,0.819,53540000,18740000,75000,1,128300,26.1,69.9,2.13,68.8,24.7,1077.6,0.334,0,0,0,0,0,None,0,1,0,0,0,191000,82000,0,0,0,0
POL089-2026,LOC089,2026,Northgate,Hospital,0.829,55440000,27720000,50000,1,141500,30.7,48.9,4.14,77.3,22.1,928.6,0.257,0,0,0,0,0,None,0,1,0,0,0,191000,82000,0,0,0,0
POL090-2024,LOC090,2024,Northgate,Hospital,0.773,33580000,16790000,75000,2,77900,37.1,67.0,3.22,74.0,25.3,809.8,0.291,1,0,0,0,0,None,0,1,1,0,0,0,62000,0,0,0,0
POL090-2025,LOC090,2025,Northgate,Hospital,0.752,35050000,17520000,50000,2,73400,34.1,56.6,2.66,80.7,25.9,826.0,0.363,0,0,0,0,0,None,0,1,1,0,0,0,62000,0,0,0,0
POL090-2026,LOC090,2026,Northgate,Hospital,0.998,35930000,8980000,75000,2,105700,33.3,64.5,3.02,67.4,28.9,927.2,0.31,0,0,0,0,0,None,0,1,1,0,0,0,62000,0,0,0,0
POL091-2024,LOC091,2024,Northgate,Manufacturing,0.802,9970000,2490000,40000,2,23100,30.3,57.3,3.91,79.0,23.2,962.9,0.344,0,0,0,0,0,None,0,0,0,1,78000,101000,0,0,0,0,0
POL091-2025,LOC091,2025,Northgate,Manufacturing,0.803,10370000,2590000,40000,2,23800,36.9,51.0,3.03,74.2,24.5,949.8,0.241,1,0,0,0,0,None,0,0,0,1,78000,101000,0,0,0,0,0
POL091-2026,LOC091,2026,Northgate,Manufacturing,0.683,10500000,5250000,60000,2,19500,35.4,61.7,3.8,71.4,24.6,883.3,0.254,1,0,0,0,0,None,0,0,0,1,78000,101000,0,0,0,0,0
POL092-2024,LOC092,2024,Coastview,Food Processing,0.796,18770000,9380000,60000,1,43900,17.7,55.1,4.54,64.7,28.5,1534.8,0.244,0,0,0,0,0,None,0,0,1,1,95000,0,0,0,0,0,0
POL092-2025,LOC092,2025,Coastview,Food Processing,0.909,19760000,6920000,40000,1,47300,16.5,63.6,5.14,62.3,28.9,1475.4,0.131,0,1,0,0,0,None,0,0,1,1,95000,0,0,0,0,0,0
POL092-2026,LOC092,2026,Coastview,Food Processing,0.939,21230000,5310000,25000,2,58500,31.1,55.4,4.49,67.2,27.6,1384.8,0.285,0,0,0,0,0,None,0,0,1,1,95000,0,0,0,0,0,0
POL093-2024,LOC093,2024,Northgate,Food Processing,0.743,52670000,13170000,60000,2,117800,29.5,60.1,3.46,66.4,21.7,1031.2,0.277,0,0,0,0,0,None,0,1,0,0,0,187000,82000,0,0,0,0
POL093-2025,LOC093,2025,Northgate,Food Processing,0.882,53270000,18640000,25000,1,141100,30.5,59.4,2.57,68.1,25.5,1068.7,0.245,0,0,0,0,0,None,0,1,0,0,0,187000,82000,0,0,0,0
POL093-2026,LOC093,2026,Northgate,Food Processing,0.742,55620000,27810000,40000,3,124700,36.2,57.0,5.01,69.9,27.0,989.6,0.334,1,1,0,0,0,None,0,1,0,0,0,187000,82000,0,0,0,0
POL094-2024,LOC094,2024,Central Metro,Manufacturing,0.691,17730000,4430000,60000,1,34700,43.5,66.6,1.13,76.6,29.3,713.6,0.542,1,0,0,0,0,None,0,0,1,1,85000,0,0,0,0,0,0
POL094-2025,LOC094,2025,Central Metro,Manufacturing,0.739,18510000,9260000,60000,1,36000,45.0,74.3,1.7,71.5,29.5,930.8,0.379,1,0,0,0,0,None,0,0,1,1,85000,0,0,0,0,0,0
POL094-2026,LOC094,2026,Central Metro,Manufacturing,0.903,19140000,6700000,40000,1,47600,48.6,73.9,4.3,62.3,27.8,970.0,0.359,1,0,0,0,0,None,0,0,1,1,85000,0,0,0,0,0,0
POL095-2024,LOC095,2024,Central Metro,Manufacturing,0.783,29260000,10240000,40000,2,62700,42.3,79.5,2.28,65.0,26.3,687.8,0.272,1,0,1,0,0,Air,0,0,1,0,108000,0,56000,1,83433.08,32165.29,0.0
POL095-2025,LOC095,2025,Central Metro,Manufacturing,0.779,29000000,10150000,60000,2,66100,51.3,85.7,2.92,68.6,23.9,689.3,0.586,1,0,1,0,0,Air,0,0,1,0,108000,0,56000,1,130607.95,91984.95,31984.95
POL095-2026,LOC095,2026,Central Metro,Manufacturing,0.746,30260000,10590000,60000,3,64200,53.4,73.6,4.1,64.4,27.4,795.5,0.47,1,0,0,0,0,None,0,0,1,0,108000,0,56000,0,0,0,0
POL096-2024,LOC096,2024,Northgate,Hospital,0.781,27370000,6840000,75000,1,67400,31.1,59.3,0.75,78.9,21.4,929.6,0.228,0,0,0,0,0,None,0,0,0,0,112000,130000,60000,0,0,0,0
POL096-2025,LOC096,2025,Northgate,Hospital,0.975,29130000,7280000,100000,2,91700,41.2,65.0,4.47,80.9,23.6,943.6,0.454,1,0,0,0,0,None,0,0,0,0,112000,130000,60000,0,0,0,0
POL096-2026,LOC096,2026,Northgate,Hospital,0.709,29730000,14860000,75000,2,67300,30.3,66.6,2.84,73.1,22.2,912.1,0.33,0,0,0,0,0,None,0,0,0,0,112000,130000,60000,0,0,0,0
POL097-2024,LOC097,2024,Drylands,Manufacturing,1.0,16780000,8390000,40000,1,52400,37.3,66.2,3.37,60.8,29.2,528.6,0.676,1,0,0,0,0,None,0,0,0,0,87000,108000,52000,0,0,0,0
POL097-2025,LOC097,2025,Drylands,Manufacturing,0.899,17120000,8560000,60000,2,48400,40.2,77.8,6.04,68.3,34.3,531.1,0.646,1,1,0,0,0,None,0,0,0,0,87000,108000,52000,0,0,0,0
POL097-2026,LOC097,2026,Drylands,Manufacturing,0.791,18760000,9380000,40000,2,47000,34.5,60.1,7.68,62.7,34.1,478.0,0.842,0,1,0,0,0,None,0,0,0,0,87000,108000,52000,0,0,0,0
POL098-2024,LOC098,2024,Northgate,Hospital,0.79,69980000,24490000,50000,1,158500,35.7,51.6,4.36,73.4,20.5,882.1,0.319,1,0,0,0,0,None,0,1,0,1,0,230000,0,0,0,0,0
POL098-2025,LOC098,2025,Northgate,Hospital,0.847,76610000,38300000,75000,2,197000,37.0,66.5,2.75,77.2,24.5,826.1,0.245,1,0,1,0,0,Air,0,1,0,1,0,230000,0,0,0,0,0
POL098-2026,LOC098,2026,Northgate,Hospital,0.936,75620000,18900000,50000,2,213700,51.6,71.9,2.41,80.9,22.2,848.9,0.332,1,0,0,0,0,None,0,1,0,1,0,230000,0,0,0,0,0
POL099-2024,LOC099,2024,Central Metro,Manufacturing,0.765,30850000,10800000,60000,2,71300,37.2,61.7,3.45,60.7,26.8,699.4,0.299,1,0,0,0,0,None,0,1,0,0,0,136000,59000,0,0,0,0
POL099-2025,LOC099,2025,Central Metro,Manufacturing,1.0,32130000,8030000,60000,1,90300,49.1,79.4,3.15,60.2,25.3,723.7,0.36,1,0,1,0,0,Air,0,1,0,0,0,136000,59000,0,0,0,0
POL099-2026,LOC099,2026,Central Metro,Manufacturing,0.697,32610000,11410000,60000,2,62500,52.9,76.5,3.69,72.4,23.8,696.9,0.473,1,0,0,0,0,None,0,1,0,0,0,136000,59000,0,0,0,0
POL100-2024,LOC100,2024,Riverbend,Manufacturing,1.0,12940000,4530000,40000,1,34900,29.7,65.9,5.86,66.5,27.4,1271.5,0.193,0,1,0,0,0,None,0,0,1,1,84000,0,0,0,0,0,0
POL100-2025,LOC100,2025,Riverbend,Manufacturing,0.898,13190000,4620000,40000,1,33500,24.9,43.1,7.32,69.4,24.7,1348.7,0.26,0,1,0,1,0,Water,1,0,1,1,84000,0,0,2,170685.04,130740.59,50740.59
POL100-2026,LOC100,2026,Riverbend,Manufacturing,0.945,14250000,4990000,60000,1,37100,32.5,58.9,7.02,52.9,28.5,1213.6,0.104,0,1,0,1,0,Water,0,0,1,1,84000,0,0,0,0,0,0
POL101-2024,LOC101,2024,Drylands,Food Processing,0.971,10220000,3580000,25000,2,31800,34.4,75.1,2.66,62.4,27.0,532.3,0.62,1,0,0,0,0,None,0,0,1,0,78000,0,44000,0,0,0,0
POL101-2025,LOC101,2025,Drylands,Food Processing,0.742,10550000,5280000,25000,2,25800,35.2,72.8,5.28,67.0,32.4,563.1,0.579,1,1,0,0,0,None,0,0,1,0,78000,0,44000,0,0,0,0
POL101-2026,LOC101,2026,Drylands,Food Processing,0.923,10500000,2620000,40000,1,29400,49.0,56.8,5.14,64.4,34.4,450.3,0.722,1,1,0,0,0,None,0,0,1,0,78000,0,44000,0,0,0,0
POL102-2024,LOC102,2024,Coastview,Food Processing,0.699,15810000,7900000,40000,2,31100,28.4,56.2,4.42,69.4,26.0,1728.8,0.083,0,0,0,0,0,None,0,0,0,1,89000,103000,0,0,0,0,0
POL102-2025,LOC102,2025,Coastview,Food Processing,0.729,16000000,8000000,60000,1,36400,29.4,50.3,4.75,63.8,30.6,1433.1,0.09,0,0,0,0,0,None,0,0,0,1,89000,103000,0,0,0,0,0
POL102-2026,LOC102,2026,Coastview,Food Processing,0.74,17080000,8540000,40000,2,37200,33.2,55.3,6.59,66.8,30.5,1604.8,0.112,0,1,0,1,0,Water,0,0,0,1,89000,103000,0,0,0,0,0
POL103-2024,LOC103,2024,Coastview,Food Processing,0.843,12990000,6500000,25000,1,33700,23.0,40.9,5.63,73.9,26.5,1563.7,0.067,0,1,0,0,0,None,0,0,1,0,83000,0,47000,0,0,0,0
POL103-2025,LOC103,2025,Coastview,Food Processing,0.973,14160000,4960000,25000,2,40400,26.9,56.5,5.43,67.7,29.6,1440.0,0.063,0,1,0,0,0,None,0,0,1,0,83000,0,47000,0,0,0,0
POL103-2026,LOC103,2026,Coastview,Food Processing,1.0,14090000,4930000,40000,1,38800,30.4,56.1,5.04,63.9,30.8,1497.5,0.128,0,1,0,0,0,None,0,0,1,0,83000,0,47000,0,0,0,0
POL104-2024,LOC104,2024,Riverbend,Food Processing,0.844,20920000,5230000,40000,1,53800,14.5,60.3,5.16,61.9,23.2,1395.6,0.186,0,1,0,0,0,None,0,0,0,1,96000,115000,0,0,0,0,0
POL104-2025,LOC104,2025,Riverbend,Food Processing,0.937,21670000,7580000,40000,2,61000,41.0,59.5,4.99,51.4,24.4,1357.6,0.18,1,1,1,0,0,Air,0,0,0,1,96000,115000,0,0,0,0,0
POL104-2026,LOC104,2026,Riverbend,Food Processing,0.838,22530000,5630000,25000,2,55900,23.3,67.7,5.25,59.5,22.2,1359.9,0.268,0,1,0,0,0,None,0,0,0,1,96000,115000,0,0,0,0,0
POL105-2024,LOC105,2024,Central Metro,Manufacturing,0.955,20490000,10240000,80000,2,56200,47.6,80.9,3.13,84.1,27.3,800.4,0.246,1,0,0,0,0,None,0,0,1,1,93000,0,0,0,0,0,0
POL105-2025,LOC105,2025,Central Metro,Manufacturing,1.0,21630000,5410000,60000,2,56900,38.6,71.3,3.03,71.3,26.9,824.8,0.253,1,0,0,0,0,None,0,0,1,1,93000,0,0,0,0,0,0
POL105-2026,LOC105,2026,Central Metro,Manufacturing,0.841,21980000,10990000,40000,2,51900,50.3,61.2,3.0,74.9,28.1,877.8,0.354,1,0,0,0,0,None,0,0,1,1,93000,0,0,0,0,0,0
POL106-2024,LOC106,2024,Drylands,Food Processing,1.0,39490000,19740000,40000,3,119800,38.4,69.1,6.2,63.9,31.6,659.8,0.682,1,1,0,0,0,None,0,1,1,0,0,0,67000,0,0,0,0
POL106-2025,LOC106,2025,Drylands,Food Processing,0.73,38990000,19500000,25000,2,81400,32.9,64.1,6.91,62.5,29.1,505.3,0.734,0,1,0,0,0,None,0,1,1,0,0,0,67000,0,0,0,0
POL106-2026,LOC106,2026,Drylands,Food Processing,0.712,40490000,10120000,40000,2,89400,42.2,72.4,6.04,61.9,31.7,585.0,0.8,1,1,0,0,0,None,0,1,1,0,0,0,67000,0,0,0,0
POL107-2024,LOC107,2024,Northgate,Food Processing,0.837,6710000,3360000,60000,2,15500,32.4,57.5,2.15,64.6,22.6,956.6,0.389,0,0,0,0,0,None,0,1,1,0,0,0,41000,0,0,0,0
POL107-2025,LOC107,2025,Northgate,Food Processing,0.907,6960000,3480000,40000,1,16800,33.5,52.5,3.52,62.8,22.8,896.1,0.372,0,0,0,0,0,None,0,1,1,0,0,0,41000,0,0,0,0
POL107-2026,LOC107,2026,Northgate,Food Processing,1.0,7220000,2530000,25000,1,19400,29.2,55.8,3.24,74.0,24.7,935.1,0.258,0,0,0,0,0,None,0,1,1,0,0,0,41000,0,0,0,0
POL108-2024,LOC108,2024,Riverbend,Food Processing,0.935,8850000,3100000,40000,3,22100,26.7,65.5,4.89,67.3,26.6,1157.8,0.045,0,0,0,0,0,None,0,1,1,0,0,0,44000,0,0,0,0
POL108-2025,LOC108,2025,Riverbend,Food Processing,0.802,8910000,2230000,60000,1,20100,22.5,58.8,4.44,53.9,24.5,1263.8,0.253,0,1,0,0,0,None,0,1,1,0,0,0,44000,0,0,0,0
POL108-2026,LOC108,2026,Riverbend,Food Processing,0.79,9240000,3230000,60000,3,20800,42.1,61.5,4.93,60.7,28.9,1233.7,0.187,1,0,0,0,0,None,0,1,1,0,0,0,44000,0,0,0,0
POL109-2024,LOC109,2024,Central Metro,Food Processing,0.845,15770000,7880000,25000,2,38200,44.2,86.9,3.33,65.9,23.2,859.3,0.312,1,0,0,0,0,None,0,1,1,0,0,0,51000,0,0,0,0
POL109-2025,LOC109,2025,Central Metro,Food Processing,0.761,16000000,4000000,25000,1,36900,50.2,75.2,1.99,66.2,27.3,902.2,0.249,1,0,0,0,0,None,0,1,1,0,0,0,51000,0,0,0,0
POL109-2026,LOC109,2026,Central Metro,Food Processing,0.871,16530000,5790000,25000,2,40000,47.9,78.0,5.04,65.8,21.0,775.2,0.141,1,1,0,0,0,None,0,1,1,0,0,0,51000,0,0,0,0
POL110-2024,LOC110,2024,Central Metro,Hospital,0.812,20950000,7330000,50000,1,56800,33.3,80.4,4.35,72.5,24.0,855.1,0.35,1,0,0,0,0,None,0,0,0,1,93000,117000,0,0,0,0,0
POL110-2025,LOC110,2025,Central Metro,Hospital,0.884,21810000,7630000,75000,1,64000,44.5,76.2,4.93,68.9,25.1,577.6,0.407,1,0,0,0,0,None,0,0,0,1,93000,117000,0,0,0,0,0
POL110-2026,LOC110,2026,Central Metro,Hospital,0.965,21930000,5480000,100000,2,68700,44.4,79.8,2.43,60.6,28.9,670.2,0.245,1,0,0,0,0,None,0,0,0,1,93000,117000,0,0,0,0,0
POL111-2024,LOC111,2024,Drylands,Food Processing,0.951,9040000,2260000,40000,2,28000,33.6,77.2,6.02,53.1,31.2,626.1,0.714,1,1,1,0,0,Air,0,0,0,0,75000,98000,43000,0,0,0,0
POL111-2025,LOC111,2025,Drylands,Food Processing,0.84,9580000,4790000,25000,1,25400,36.9,66.8,3.58,65.3,32.1,576.1,0.812,1,0,0,0,0,None,0,0,0,0,75000,98000,43000,0,0,0,0
POL111-2026,LOC111,2026,Drylands,Food Processing,0.931,9480000,4740000,40000,2,28900,38.7,73.5,5.49,57.1,31.7,369.9,0.712,1,1,0,0,0,None,0,0,0,0,75000,98000,43000,0,0,0,0
POL112-2024,LOC112,2024,Northgate,Manufacturing,1.0,18400000,9200000,60000,2,48200,31.5,56.3,4.06,72.6,24.2,994.2,0.277,0,0,0,0,0,None,0,0,0,1,97000,121000,0,0,0,0,0
POL112-2025,LOC112,2025,Northgate,Manufacturing,0.889,19040000,6660000,80000,2,44200,29.8,51.7,2.74,77.0,23.8,1071.3,0.13,0,0,0,0,0,None,0,0,0,1,97000,121000,0,0,0,0,0
POL112-2026,LOC112,2026,Northgate,Manufacturing,0.901,20620000,7220000,80000,1,49800,34.3,63.2,3.45,70.1,26.2,959.7,0.178,0,0,0,0,0,None,0,0,0,1,97000,121000,0,0,0,0,0
POL113-2024,LOC113,2024,Central Metro,Hospital,0.713,17530000,6140000,75000,2,42700,47.4,79.0,2.88,78.8,21.5,647.3,0.36,1,0,1,0,0,Air,0,0,0,1,94000,103000,0,1,128022.65,94325.83,19325.83
POL113-2025,LOC113,2025,Central Metro,Hospital,1.0,17930000,6280000,75000,1,60500,49.8,68.0,3.5,72.9,30.1,706.8,0.293,1,0,0,0,0,None,0,0,0,1,94000,103000,0,0,0,0,0
POL113-2026,LOC113,2026,Central Metro,Hospital,0.923,18560000,9280000,50000,1,60800,47.6,72.7,2.46,65.4,26.6,885.2,0.33,1,0,1,0,0,Air,1,0,0,1,94000,103000,0,1,50667.28,38788.48,0.0
POL114-2024,LOC114,2024,Central Metro,Manufacturing,1.0,18920000,9460000,80000,2,53200,43.4,84.1,3.2,71.5,29.3,845.3,0.28,1,0,1,0,0,Air,0,0,0,1,96000,109000,0,0,0,0,0
POL114-2025,LOC114,2025,Central Metro,Manufacturing,0.922,19910000,6970000,60000,1,56900,39.5,71.9,1.91,53.7,24.6,760.6,0.416,1,1,1,1,1,Compound,1,0,0,1,96000,109000,0,1,120683.04,98648.39,38648.39
POL114-2026,LOC114,2026,Central Metro,Manufacturing,0.833,20230000,7080000,60000,3,50700,56.0,84.0,2.13,75.7,26.4,722.2,0.483,1,0,1,0,0,Air,0,0,0,1,96000,109000,0,0,0,0,0
POL115-2024,LOC115,2024,Northgate,Manufacturing,1.0,27360000,13680000,40000,3,80600,33.6,48.1,3.17,82.3,20.7,1026.3,0.192,0,0,0,0,0,None,0,0,0,0,107000,138000,54000,0,0,0,0
POL115-2025,LOC115,2025,Northgate,Manufacturing,0.911,28110000,14060000,60000,2,72300,31.9,62.1,2.7,69.8,23.1,1051.2,0.299,0,0,0,0,0,None,0,0,0,0,107000,138000,54000,0,0,0,0
POL115-2026,LOC115,2026,Northgate,Manufacturing,0.769,28250000,14120000,40000,1,62600,31.3,68.3,2.08,82.1,25.3,751.3,0.258,0,0,0,0,0,None,0,0,0,0,107000,138000,54000,0,0,0,0
POL116-2024,LOC116,2024,Northgate,Hospital,0.845,20930000,10460000,75000,3,51800,34.6,54.0,3.85,80.8,20.9,882.6,0.272,0,0,0,0,0,None,0,1,0,0,0,124000,57000,0,0,0,0
POL116-2025,LOC116,2025,Northgate,Hospital,0.826,20920000,7320000,100000,2,56400,35.2,64.9,3.09,76.0,22.6,724.0,0.281,1,0,0,0,0,None,0,1,0,0,0,124000,57000,0,0,0,0
POL116-2026,LOC116,2026,Northgate,Hospital,0.954,21470000,5370000,100000,1,63600,40.0,55.7,4.24,77.0,23.1,810.3,0.494,1,0,0,0,0,None,0,1,0,0,0,124000,57000,0,0,0,0
POL117-2024,LOC117,2024,Northgate,Hospital,0.923,28250000,14120000,75000,2,82300,35.9,60.6,3.04,74.2,26.2,780.6,0.072,1,0,0,0,0,None,0,0,1,0,108000,0,59000,0,0,0,0
POL117-2025,LOC117,2025,Northgate,Hospital,0.995,29600000,10360000,100000,2,87600,27.6,57.1,3.33,73.1,27.5,979.0,0.286,0,0,0,0,0,None,0,0,1,0,108000,0,59000,0,0,0,0
POL117-2026,LOC117,2026,Northgate,Hospital,0.729,31620000,11070000,50000,3,73700,33.5,68.5,1.53,75.8,21.4,1008.1,0.359,0,0,0,0,0,None,0,0,1,0,108000,0,59000,0,0,0,0
POL118-2024,LOC118,2024,Northgate,Hospital,0.728,25820000,9040000,75000,3,56500,28.4,60.1,4.78,67.1,17.4,1127.4,0.491,0,0,0,0,0,None,0,1,0,1,0,136000,0,0,0,0,0
POL118-2025,LOC118,2025,Northgate,Hospital,0.841,27580000,13790000,50000,3,72800,29.2,66.7,2.23,70.2,22.8,904.2,0.288,0,0,0,0,0,None,0,1,0,1,0,136000,0,0,0,0,0
POL118-2026,LOC118,2026,Northgate,Hospital,0.844,28680000,10040000,75000,2,75900,38.8,64.5,2.99,62.2,22.9,1086.3,0.439,1,0,0,0,0,None,0,1,0,1,0,136000,0,0,0,0,0
POL119-2024,LOC119,2024,Coastview,Food Processing,0.879,10980000,3840000,25000,1,27600,21.3,50.5,3.15,65.7,27.5,1301.0,0.241,0,0,0,0,0,None,0,1,1,0,0,0,40000,0,0,0,0
POL119-2025,LOC119,2025,Coastview,Food Processing,0.696,11110000,2780000,25000,1,21500,27.5,55.9,3.11,60.4,28.7,1480.9,0.1,0,0,0,0,0,None,0,1,1,0,0,0,40000,0,0,0,0
POL119-2026,LOC119,2026,Coastview,Food Processing,0.873,11600000,2900000,40000,2,26600,21.6,55.7,7.37,63.5,26.7,1597.9,0.273,0,1,0,1,0,Water,0,1,1,0,0,0,40000,0,0,0,0
POL120-2024,LOC120,2024,Riverbend,Food Processing,0.871,9010000,3150000,60000,2,23600,36.0,49.2,5.65,68.3,23.9,1409.3,0.085,1,1,0,0,0,None,0,0,0,0,75000,100000,46000,0,0,0,0
POL120-2025,LOC120,2025,Riverbend,Food Processing,0.809,9450000,4720000,40000,3,24400,34.7,67.9,5.42,76.8,28.2,1193.3,0.215,0,1,0,0,0,None,0,0,0,0,75000,100000,46000,0,0,0,0
POL120-2026,LOC120,2026,Riverbend,Food Processing,0.916,10080000,5040000,25000,2,29100,31.1,72.6,6.3,75.1,24.5,1327.1,0.29,1,1,1,0,0,Air,0,0,0,0,75000,100000,46000,0,0,0,0
POL121-2024,LOC121,2024,Central Metro,Food Processing,0.891,6820000,2390000,40000,2,18700,46.2,84.9,3.52,69.1,27.0,629.9,0.318,1,0,0,0,0,None,0,1,0,1,0,93000,0,0,0,0,0
POL121-2025,LOC121,2025,Central Metro,Food Processing,0.706,6980000,2440000,40000,2,15100,39.9,80.6,4.15,75.5,32.7,703.1,0.196,1,0,0,0,0,None,0,1,0,1,0,93000,0,0,0,0,0
POL121-2026,LOC121,2026,Central Metro,Food Processing,0.698,7180000,3590000,25000,2,15300,48.0,72.8,3.8,73.1,26.5,485.6,0.328,1,0,1,0,0,Air,0,1,0,1,0,93000,0,1,159563.52,156264.08,131264.08
POL122-2024,LOC122,2024,Central Metro,Food Processing,1.0,7050000,3520000,60000,2,19300,46.8,74.5,3.21,72.1,25.1,680.1,0.33,1,0,0,0,0,None,0,1,1,0,0,0,43000,0,0,0,0
POL122-2025,LOC122,2025,Central Metro,Food Processing,0.715,7300000,1820000,25000,2,15600,40.2,66.8,2.54,60.8,27.6,807.9,0.425,1,0,0,0,0,None,0,1,1,0,0,0,43000,0,0,0,0
POL122-2026,LOC122,2026,Central Metro,Food Processing,0.945,7950000,2780000,40000,3,21700,50.0,74.4,0.9,70.1,25.7,690.5,0.428,1,0,0,0,0,None,0,1,1,0,0,0,43000,0,0,0,0
POL123-2024,LOC123,2024,Central Metro,Manufacturing,0.95,30000000,7500000,60000,1,77700,41.1,70.4,4.12,73.1,27.7,832.4,0.354,1,0,0,0,0,None,0,1,0,1,0,132000,0,0,0,0,0
POL123-2025,LOC123,2025,Central Metro,Manufacturing,0.939,29930000,14960000,80000,3,78800,42.8,75.1,2.33,59.8,25.4,862.6,0.303,1,1,0,1,0,Water,0,1,0,1,0,132000,0,0,0,0,0
POL123-2026,LOC123,2026,Central Metro,Manufacturing,0.727,30820000,10790000,40000,3,60600,45.4,87.3,3.81,65.3,28.2,762.8,0.448,1,0,0,0,0,None,0,1,0,1,0,132000,0,0,0,0,0
POL124-2024,LOC124,2024,Drylands,Manufacturing,0.721,18100000,6340000,60000,3,41500,37.3,59.4,4.92,64.2,28.2,504.9,0.623,1,0,0,0,0,None,0,0,0,1,88000,117000,0,0,0,0,0
POL124-2025,LOC124,2025,Drylands,Manufacturing,0.771,19050000,6670000,60000,2,42100,33.7,74.4,4.1,52.2,29.5,451.4,0.7,1,1,1,1,1,Compound,0,0,0,1,88000,117000,0,0,0,0,0
POL124-2026,LOC124,2026,Drylands,Manufacturing,0.687,19640000,4910000,40000,3,39000,38.8,71.0,5.17,62.8,35.2,487.0,0.708,1,1,0,0,0,None,0,0,0,1,88000,117000,0,0,0,0,0
POL125-2024,LOC125,2024,Riverbend,Food Processing,0.884,10650000,3730000,25000,1,25000,29.5,50.3,5.44,64.7,24.9,1361.5,0.159,0,1,0,0,0,None,0,1,1,1,0,0,0,0,0,0,0
POL125-2025,LOC125,2025,Riverbend,Food Processing,0.839,11020000,5510000,60000,2,24600,27.6,54.2,5.26,66.2,26.9,1116.0,0.371,0,1,0,0,0,None,0,1,1,1,0,0,0,0,0,0,0
POL125-2026,LOC125,2026,Riverbend,Food Processing,0.985,11010000,5500000,40000,2,28800,30.8,71.2,5.01,62.1,22.9,1104.3,0.256,1,1,0,0,0,None,0,1,1,1,0,0,0,0,0,0,0
POL126-2024,LOC126,2024,Riverbend,Manufacturing,0.817,14330000,5020000,60000,3,33700,23.2,65.4,2.71,58.9,27.2,1284.0,0.27,0,1,0,0,0,None,0,1,0,0,0,104000,46000,0,0,0,0
POL126-2025,LOC126,2025,Riverbend,Manufacturing,1.0,15420000,5400000,40000,1,44000,29.3,64.4,4.23,60.2,22.5,1241.1,0.235,0,0,0,0,0,None,0,1,0,0,0,104000,46000,0,0,0,0
POL126-2026,LOC126,2026,Riverbend,Manufacturing,0.716,15400000,7700000,80000,3,31400,34.2,64.9,5.59,50.5,26.9,1479.6,0.02,0,1,0,1,0,Water,0,1,0,0,0,104000,46000,1,247743.92,38528.2,0.0
POL127-2024,LOC127,2024,Riverbend,Hospital,0.773,30120000,7530000,50000,2,78100,28.9,63.3,5.76,65.0,25.1,1308.5,0.283,0,1,0,0,0,None,0,0,1,0,109000,0,64000,0,0,0,0
POL127-2025,LOC127,2025,Riverbend,Hospital,0.737,30500000,7620000,50000,1,69000,18.6,62.4,6.15,71.9,25.3,1423.4,0.469,0,1,0,1,0,Water,0,0,1,0,109000,0,64000,0,0,0,0
POL127-2026,LOC127,2026,Riverbend,Hospital,0.9,32770000,8190000,50000,1,94200,34.3,56.3,4.71,56.6,23.7,1472.8,0.177,0,1,0,0,0,None,0,0,1,0,109000,0,64000,0,0,0,0
POL128-2024,LOC128,2024,Riverbend,Manufacturing,0.962,18650000,6530000,60000,1,50100,29.2,61.6,6.75,59.3,26.5,1067.2,0.133,0,1,0,1,0,Water,0,0,1,0,90000,0,51000,0,0,0,0
POL128-2025,LOC128,2025,Riverbend,Manufacturing,0.688,19090000,9540000,80000,1,36900,28.8,52.1,7.33,51.0,25.3,1248.4,0.379,0,1,0,0,0,None,0,0,1,0,90000,0,51000,0,0,0,0
POL128-2026,LOC128,2026,Riverbend,Manufacturing,0.928,20190000,5050000,80000,1,55300,27.7,67.3,5.7,52.5,26.7,1321.2,0.191,0,1,0,0,0,None,0,0,1,0,90000,0,51000,0,0,0,0
POL129-2024,LOC129,2024,Riverbend,Food Processing,1.0,10210000,3570000,60000,2,28000,18.2,40.2,4.5,63.2,27.7,1438.0,0.266,0,0,0,0,0,None,0,1,1,0,0,0,45000,0,0,0,0
POL129-2025,LOC129,2025,Riverbend,Food Processing,0.856,10540000,3690000,40000,1,26000,35.7,49.4,6.62,63.8,25.6,1320.9,0.211,1,1,0,1,0,Water,1,1,1,0,0,0,45000,1,68180.98,57221.9,17221.9
POL129-2026,LOC129,2026,Riverbend,Food Processing,0.736,10910000,5460000,60000,2,22600,32.6,53.1,8.2,59.6,31.8,1347.6,0.333,0,1,0,0,0,None,0,1,1,0,0,0,45000,0,0,0,0
POL130-2024,LOC130,2024,Northgate,Manufacturing,0.932,18050000,6320000,60000,2,43000,28.2,65.2,2.24,77.5,20.1,1159.8,0.247,0,0,0,0,0,None,0,1,1,0,0,0,52000,0,0,0,0
POL130-2025,LOC130,2025,Northgate,Manufacturing,1.0,19180000,4800000,80000,1,49900,32.8,63.3,2.15,75.5,20.3,956.0,0.201,0,0,0,0,0,None,0,1,1,0,0,0,52000,0,0,0,0
POL130-2026,LOC130,2026,Northgate,Manufacturing,0.888,19430000,6800000,60000,2,45700,37.0,64.3,2.82,73.1,25.0,1120.4,0.473,1,0,0,0,0,None,0,1,1,0,0,0,52000,0,0,0,0
POL131-2024,LOC131,2024,Drylands,Hospital,0.701,16020000,8010000,100000,1,38600,41.3,74.1,4.62,57.9,28.4,414.0,0.689,1,1,0,0,0,None,0,1,0,1,0,114000,0,0,0,0,0
POL131-2025,LOC131,2025,Drylands,Hospital,0.76,16570000,8280000,75000,3,39700,31.3,55.2,2.12,44.9,32.6,580.6,0.84,0,1,0,0,0,None,0,1,0,1,0,114000,0,0,0,0,0
POL131-2026,LOC131,2026,Drylands,Hospital,0.843,16950000,8480000,50000,2,46100,35.5,78.1,6.12,52.2,30.6,471.5,0.685,1,1,0,1,0,Water,0,1,0,1,0,114000,0,0,0,0,0
POL132-2024,LOC132,2024,Riverbend,Food Processing,0.754,11760000,2940000,60000,1,27200,31.5,61.6,6.1,60.5,27.0,1392.0,0.227,0,1,0,0,0,None,0,0,1,0,79000,0,41000,0,0,0,0
POL132-2025,LOC132,2025,Riverbend,Food Processing,0.984,12150000,6080000,40000,2,36000,23.9,53.7,5.08,55.1,26.5,1342.3,0.164,0,1,0,0,0,None,0,0,1,0,79000,0,41000,0,0,0,0
POL132-2026,LOC132,2026,Riverbend,Food Processing,0.862,12470000,4360000,60000,3,33000,22.3,56.3,5.35,60.5,26.6,1050.4,0.326,0,1,0,0,0,None,0,0,1,0,79000,0,41000,0,0,0,0
POL133-2024,LOC133,2024,Riverbend,Hospital,1.0,11180000,5590000,50000,1,33600,28.1,45.8,4.42,50.2,25.7,1383.1,0.137,0,1,0,1,0,Water,1,1,1,0,0,0,49000,2,320560.09,247017.23,147017.23
POL133-2025,LOC133,2025,Riverbend,Hospital,0.879,11770000,2940000,75000,3,33000,16.2,58.3,4.21,55.8,20.1,1325.4,0.126,0,1,0,0,0,None,0,1,1,0,0,0,49000,0,0,0,0
POL133-2026,LOC133,2026,Riverbend,Hospital,0.786,12280000,3070000,100000,2,30200,30.1,58.3,2.74,59.6,26.4,1234.9,0.157,0,1,0,0,0,None,0,1,1,0,0,0,49000,0,0,0,0
POL134-2024,LOC134,2024,Coastview,Food Processing,0.949,11380000,3980000,60000,1,30300,30.4,53.6,4.7,66.3,25.6,1531.8,0.154,0,0,0,0,0,None,0,0,1,1,79000,0,0,0,0,0,0
POL134-2025,LOC134,2025,Coastview,Food Processing,0.704,12000000,4200000,25000,3,24600,22.9,49.5,3.22,73.3,26.7,1413.8,0.056,0,0,0,0,0,None,0,0,1,1,79000,0,0,0,0,0,0
POL134-2026,LOC134,2026,Coastview,Food Processing,0.783,11730000,4110000,40000,3,26000,26.3,55.7,3.39,68.8,33.2,1482.1,0.022,0,0,0,0,0,None,0,0,1,1,79000,0,0,0,0,0,0
POL135-2024,LOC135,2024,Coastview,Manufacturing,0.725,26710000,9350000,60000,2,50600,28.2,55.4,3.97,63.5,24.4,1538.1,0.122,0,0,0,0,0,None,0,0,1,1,100000,0,0,0,0,0,0
POL135-2025,LOC135,2025,Coastview,Manufacturing,0.904,27870000,13940000,60000,3,63200,18.8,62.4,4.44,58.7,29.9,1367.8,0.143,0,1,0,0,0,None,0,0,1,1,100000,0,0,0,0,0,0
POL135-2026,LOC135,2026,Coastview,Manufacturing,0.812,29210000,7300000,80000,2,64300,30.9,42.9,5.37,60.8,30.6,1371.9,0.174,0,1,0,0,0,None,0,0,1,1,100000,0,0,0,0,0,0
POL136-2024,LOC136,2024,Coastview,Hospital,0.975,40350000,10090000,75000,3,131100,21.9,53.9,3.96,72.7,28.2,1491.4,0.033,0,0,0,0,0,None,0,0,0,1,137000,163000,0,0,0,0,0
POL136-2025,LOC136,2025,Coastview,Hospital,0.811,41670000,14580000,75000,2,107700,25.5,50.5,6.63,64.3,30.5,1610.7,0.138,0,1,0,0,0,None,0,0,0,1,137000,163000,0,0,0,0,0
POL136-2026,LOC136,2026,Coastview,Hospital,0.781,43980000,15390000,75000,3,117100,24.9,63.5,5.43,66.4,30.9,1529.3,0.145,0,1,0,0,0,None,0,0,0,1,137000,163000,0,0,0,0,0
POL137-2024,LOC137,2024,Northgate,Hospital,0.725,29700000,10400000,50000,2,69200,34.8,53.8,1.86,69.9,24.1,804.1,0.09,0,0,0,0,0,None,0,1,0,0,0,132000,60000,0,0,0,0
POL137-2025,LOC137,2025,Northgate,Hospital,1.0,29390000,7350000,75000,3,90900,35.3,65.6,1.9,83.3,21.3,914.0,0.25,1,0,0,0,0,None,0,1,0,0,0,132000,60000,0,0,0,0
POL137-2026,LOC137,2026,Northgate,Hospital,0.869,31510000,15760000,50000,1,83500,28.4,61.2,3.29,64.9,22.2,1049.4,0.333,0,0,0,0,0,None,0,1,0,0,0,132000,60000,0,0,0,0
POL138-2024,LOC138,2024,Riverbend,Manufacturing,0.71,12900000,4520000,40000,1,24200,27.8,56.0,6.86,62.9,25.5,1301.9,0.119,0,1,0,0,0,None,0,0,1,1,75000,0,0,0,0,0,0
POL138-2025,LOC138,2025,Riverbend,Manufacturing,0.881,13160000,6580000,40000,1,32100,17.3,66.3,5.57,53.7,29.6,1256.9,0.022,0,1,0,0,0,None,0,0,1,1,75000,0,0,0,0,0,0
POL138-2026,LOC138,2026,Riverbend,Manufacturing,0.698,13180000,3300000,40000,1,24600,32.6,51.2,5.48,60.1,27.5,1292.2,0.363,0,1,0,1,0,Water,0,0,1,1,75000,0,0,0,0,0,0
POL139-2024,LOC139,2024,Coastview,Manufacturing,0.803,27450000,13720000,60000,2,63600,15.3,69.8,6.5,66.6,25.7,1545.6,0.02,0,1,0,0,0,None,0,1,0,0,0,137000,59000,0,0,0,0
POL139-2025,LOC139,2025,Coastview,Manufacturing,0.701,29790000,7450000,40000,2,56700,23.4,54.2,6.03,50.2,22.5,1544.1,0.02,0,1,0,0,0,None,0,1,0,0,0,137000,59000,0,0,0,0
POL139-2026,LOC139,2026,Coastview,Manufacturing,0.925,30880000,10810000,80000,2,74200,40.3,49.1,5.03,82.9,24.7,1546.0,0.27,1,1,0,0,0,None,0,1,0,0,0,137000,59000,0,0,0,0
POL140-2024,LOC140,2024,Northgate,Manufacturing,0.845,24830000,12420000,60000,1,60100,30.9,56.1,4.92,75.7,22.5,925.7,0.22,0,0,0,0,0,None,0,0,0,0,99000,124000,57000,0,0,0,0
POL140-2025,LOC140,2025,Northgate,Manufacturing,0.959,25840000,6460000,40000,2,66900,30.3,55.9,2.96,68.5,21.0,762.9,0.3,0,0,0,0,0,None,0,0,0,0,99000,124000,57000,0,0,0,0
POL140-2026,LOC140,2026,Northgate,Manufacturing,0.965,26260000,13130000,80000,2,74400,31.4,64.0,2.96,69.9,25.2,1009.5,0.352,0,0,0,0,0,None,0,0,0,0,99000,124000,57000,0,0,0,0
POL141-2024,LOC141,2024,Drylands,Manufacturing,0.944,20240000,7080000,40000,1,51600,38.9,71.1,3.3,52.5,29.4,579.1,0.448,1,1,0,0,0,None,0,1,1,1,0,0,0,0,0,0,0
POL141-2025,LOC141,2025,Drylands,Manufacturing,0.71,20040000,7010000,40000,1,38200,44.6,63.5,4.46,64.0,33.9,516.1,0.763,1,0,0,0,0,None,0,1,1,1,0,0,0,0,0,0,0
POL141-2026,LOC141,2026,Drylands,Manufacturing,0.687,20680000,5170000,40000,2,35600,50.5,81.4,6.29,65.9,28.9,580.7,0.654,1,1,0,0,0,None,0,1,1,1,0,0,0,0,0,0,0
POL142-2024,LOC142,2024,Drylands,Food Processing,0.765,8760000,2190000,40000,1,22500,33.9,74.0,6.22,54.3,30.3,514.1,0.556,1,1,0,1,0,Water,1,0,0,0,77000,94000,43000,1,82184.01,74691.12,34691.12
POL142-2025,LOC142,2025,Drylands,Food Processing,0.992,9400000,4700000,60000,2,31300,38.2,63.0,4.15,55.5,29.2,475.1,0.782,1,1,0,0,0,None,0,0,0,0,77000,94000,43000,0,0,0,0
POL142-2026,LOC142,2026,Drylands,Food Processing,0.939,9300000,4650000,40000,2,28900,44.2,65.2,3.28,63.7,34.8,661.9,0.761,1,0,0,0,0,None,0,0,0,0,77000,94000,43000,0,0,0,0
POL143-2024,LOC143,2024,Drylands,Hospital,1.0,48130000,16850000,100000,1,151100,35.4,62.9,3.69,65.5,30.0,567.0,0.92,1,0,0,0,0,None,0,1,0,1,0,172000,0,0,0,0,0
POL143-2025,LOC143,2025,Drylands,Hospital,0.77,50020000,25010000,50000,3,129400,37.2,64.7,2.9,61.1,28.8,380.3,0.689,1,0,1,0,0,Air,0,1,0,1,0,172000,0,0,0,0,0
POL143-2026,LOC143,2026,Drylands,Hospital,0.821,52730000,18460000,75000,1,133100,36.2,79.6,7.45,57.5,30.5,608.2,0.596,1,1,1,1,1,Compound,0,1,0,1,0,172000,0,0,0,0,0
POL144-2024,LOC144,2024,Riverbend,Food Processing,1.0,14720000,7360000,25000,2,47500,19.1,56.1,6.27,71.4,27.4,1423.7,0.237,0,1,0,0,0,None,0,0,0,0,79000,109000,50000,0,0,0,0
POL144-2025,LOC144,2025,Riverbend,Food Processing,0.78,14710000,5150000,40000,3,36900,29.0,55.2,3.99,39.7,22.0,1341.8,0.124,0,1,0,0,0,None,0,0,0,0,79000,109000,50000,0,0,0,0
POL144-2026,LOC144,2026,Riverbend,Food Processing,0.7,15310000,3830000,25000,2,34100,24.6,54.7,6.5,63.2,26.2,1338.8,0.311,0,1,0,1,0,Water,1,0,0,0,79000,109000,50000,2,196812.89,128981.43,78981.43
POL145-2024,LOC145,2024,Coastview,Manufacturing,0.702,10030000,2510000,80000,2,20600,27.1,53.0,3.62,69.3,27.3,1367.8,0.152,0,0,0,0,0,None,0,0,0,1,72000,101000,0,0,0,0,0
POL145-2025,LOC145,2025,Coastview,Manufacturing,1.0,10580000,3700000,60000,1,29000,26.4,56.8,3.87,61.2,30.4,1243.8,0.033,0,0,0,0,0,None,0,0,0,1,72000,101000,0,0,0,0,0
POL145-2026,LOC145,2026,Coastview,Manufacturing,1.0,10680000,3740000,60000,2,31000,24.2,50.4,4.32,62.8,25.7,1781.9,0.233,0,0,0,0,0,None,0,0,0,1,72000,101000,0,0,0,0,0
POL146-2024,LOC146,2024,Northgate,Manufacturing,0.777,20110000,10060000,60000,3,40100,23.3,58.8,2.2,72.5,26.1,841.9,0.151,0,0,0,0,0,None,0,1,1,0,0,0,57000,0,0,0,0
POL146-2025,LOC146,2025,Northgate,Manufacturing,0.855,21100000,7380000,40000,2,46800,32.7,57.0,2.87,72.7,21.6,721.6,0.338,0,0,0,0,0,None,0,1,1,0,0,0,57000,0,0,0,0
POL146-2026,LOC146,2026,Northgate,Manufacturing,0.788,21230000,5310000,40000,3,39500,34.2,66.2,3.75,73.8,26.8,882.7,0.312,0,0,0,0,0,None,0,1,1,0,0,0,57000,0,0,0,0
POL147-2024,LOC147,2024,Riverbend,Food Processing,0.874,18420000,6450000,60000,1,49000,27.7,56.7,5.91,59.3,23.8,1608.6,0.179,0,1,0,1,0,Water,0,0,0,0,90000,111000,52000,0,0,0,0
POL147-2025,LOC147,2025,Riverbend,Food Processing,0.936,18970000,4740000,60000,2,53700,30.3,58.5,3.2,50.9,23.2,1126.2,0.264,0,1,0,0,0,None,0,0,0,0,90000,111000,52000,0,0,0,0
POL147-2026,LOC147,2026,Riverbend,Food Processing,0.889,19690000,4920000,60000,1,54800,22.0,63.0,5.81,61.4,26.7,1356.9,0.315,0,1,0,0,0,None,0,0,0,0,90000,111000,52000,0,0,0,0
POL148-2024,LOC148,2024,Drylands,Manufacturing,0.773,16130000,5650000,60000,3,37400,30.9,80.8,3.28,68.3,29.6,512.5,0.586,1,0,0,0,0,None,0,0,0,0,91000,112000,47000,0,0,0,0
POL148-2025,LOC148,2025,Drylands,Manufacturing,0.845,16350000,4090000,40000,2,41200,38.4,63.0,3.7,71.1,27.5,532.7,0.614,1,0,0,0,0,None,0,0,0,0,91000,112000,47000,0,0,0,0
POL148-2026,LOC148,2026,Drylands,Manufacturing,0.687,16490000,4120000,80000,2,37300,45.1,77.8,3.43,66.8,33.4,383.3,0.693,1,0,0,0,0,None,0,0,0,0,91000,112000,47000,0,0,0,0
POL149-2024,LOC149,2024,Riverbend,Food Processing,0.841,18200000,9100000,25000,3,43800,33.2,46.6,6.34,55.4,23.1,1166.2,0.165,0,1,0,0,0,None,0,0,1,0,95000,0,47000,0,0,0,0
POL149-2025,LOC149,2025,Riverbend,Food Processing,0.98,18920000,9460000,25000,2,52400,33.6,61.9,6.29,63.1,24.1,1383.6,0.106,0,1,0,0,0,None,0,0,1,0,95000,0,47000,0,0,0,0
POL149-2026,LOC149,2026,Riverbend,Food Processing,0.868,20240000,5060000,25000,2,50600,35.9,66.8,6.25,52.0,22.2,1239.8,0.243,1,1,0,0,0,None,0,0,1,0,95000,0,47000,0,0,0,0
POL150-2024,LOC150,2024,Drylands,Hospital,0.827,55580000,27790000,50000,2,163700,31.6,80.6,6.66,57.4,29.1,446.5,0.751,1,1,0,0,0,None,0,1,0,0,0,203000,81000,0,0,0,0
POL150-2025,LOC150,2025,Drylands,Hospital,1.0,59660000,14920000,50000,1,208700,31.1,69.0,4.01,61.9,24.7,623.1,0.613,0,0,0,0,0,None,0,1,0,0,0,203000,81000,0,0,0,0
POL150-2026,LOC150,2026,Drylands,Hospital,0.979,59380000,29690000,50000,2,192000,31.6,66.6,5.62,66.6,31.8,772.6,0.827,0,1,0,0,0,None,0,1,0,0,0,203000,81000,0,0,0,0
POL151-2024,LOC151,2024,Riverbend,Hospital,0.906,34200000,11970000,75000,2,91300,26.7,48.1,5.13,55.6,24.7,1332.0,0.151,0,1,0,0,0,None,0,1,1,1,0,0,0,0,0,0,0
POL151-2025,LOC151,2025,Riverbend,Hospital,0.805,36320000,9080000,75000,2,80800,19.8,48.0,3.56,61.5,25.5,1267.4,0.351,0,0,0,0,0,None,0,1,1,1,0,0,0,0,0,0,0
POL151-2026,LOC151,2026,Riverbend,Hospital,1.0,36270000,12690000,50000,1,102800,31.7,65.4,4.34,50.7,25.6,1506.8,0.02,0,1,0,0,0,None,0,1,1,1,0,0,0,0,0,0,0
POL152-2024,LOC152,2024,Central Metro,Manufacturing,0.825,19130000,6700000,80000,2,47600,44.9,76.6,2.1,59.2,25.6,943.1,0.117,1,1,0,1,0,Water,0,1,0,0,0,120000,55000,0,0,0,0
POL152-2025,LOC152,2025,Central Metro,Manufacturing,0.748,19250000,9620000,40000,1,40100,40.6,71.7,4.47,73.8,29.8,682.2,0.238,1,0,0,0,0,None,0,1,0,0,0,120000,55000,0,0,0,0
POL152-2026,LOC152,2026,Central Metro,Manufacturing,0.691,20710000,7250000,40000,2,41900,51.7,76.8,4.57,56.9,30.3,633.8,0.486,1,1,1,1,1,Compound,1,1,0,0,0,120000,55000,1,160347.31,98478.56,58478.56
POL153-2024,LOC153,2024,Drylands,Hospital,0.78,54330000,13580000,75000,2,145800,44.9,74.4,6.52,63.2,31.2,651.6,0.582,1,1,1,0,0,Air,0,0,0,1,150000,188000,0,0,0,0,0
POL153-2025,LOC153,2025,Drylands,Hospital,0.814,57060000,14260000,100000,2,158400,37.8,58.6,3.63,58.1,32.6,476.8,0.767,1,1,0,1,0,Water,0,0,0,1,150000,188000,0,0,0,0,0
POL153-2026,LOC153,2026,Drylands,Hospital,0.737,57470000,28740000,100000,1,147600,50.1,75.8,5.3,60.4,31.2,446.7,0.788,1,1,0,0,0,None,0,0,0,1,150000,188000,0,0,0,0,0
POL154-2024,LOC154,2024,Drylands,Hospital,0.789,28150000,14080000,75000,2,83900,39.7,68.7,4.32,60.5,28.6,533.8,0.729,1,0,0,0,0,None,0,0,0,0,108000,140000,58000,0,0,0,0
POL154-2025,LOC154,2025,Drylands,Hospital,0.682,28900000,7220000,75000,3,72000,37.6,75.1,7.72,70.5,33.9,685.9,0.595,1,1,1,0,0,Air,0,0,0,0,108000,140000,58000,3,256765.35,183571.2,0.0
POL154-2026,LOC154,2026,Drylands,Hospital,0.765,31140000,7780000,75000,1,89300,42.2,57.6,6.22,61.4,30.4,546.7,0.64,1,1,0,0,0,None,0,0,0,0,108000,140000,58000,0,0,0,0
POL155-2024,LOC155,2024,Coastview,Food Processing,0.786,15390000,5390000,25000,1,36900,22.5,53.6,6.35,65.1,28.3,1406.5,0.198,0,1,0,0,0,None,0,1,0,0,0,104000,48000,0,0,0,0
POL155-2025,LOC155,2025,Coastview,Food Processing,0.781,16130000,5650000,40000,3,38900,25.3,58.1,5.66,58.6,25.2,1416.2,0.349,0,1,0,1,0,Water,0,1,0,0,0,104000,48000,1,115485.92,30284.49,0.0
POL155-2026,LOC155,2026,Coastview,Food Processing,0.816,16470000,8240000,40000,2,38700,28.6,62.4,3.25,54.1,32.8,1588.7,0.16,0,1,0,0,0,None,0,1,0,0,0,104000,48000,0,0,0,0
POL156-2024,LOC156,2024,Northgate,Food Processing,1.0,9660000,4830000,25000,3,27500,42.6,68.6,1.31,67.4,21.7,938.4,0.279,1,0,0,0,0,None,0,1,0,0,0,99000,47000,0,0,0,0
POL156-2025,LOC156,2025,Northgate,Food Processing,1.0,10160000,5080000,60000,1,30000,33.9,58.6,2.42,62.8,23.3,923.7,0.35,0,0,0,0,0,None,0,1,0,0,0,99000,47000,0,0,0,0
POL156-2026,LOC156,2026,Northgate,Food Processing,0.879,10310000,2580000,40000,1,24500,26.1,65.6,2.05,73.8,23.2,1086.1,0.459,0,0,0,0,0,None,0,1,0,0,0,99000,47000,0,0,0,0
POL157-2024,LOC157,2024,Riverbend,Manufacturing,0.834,16420000,4100000,40000,3,40500,28.2,56.5,5.07,51.5,22.2,1252.3,0.084,0,1,0,0,0,None,0,0,0,1,89000,112000,0,0,0,0,0
POL157-2025,LOC157,2025,Riverbend,Manufacturing,0.959,16680000,8340000,60000,2,45400,29.1,67.6,6.73,55.1,24.0,1286.3,0.201,0,1,0,0,0,None,0,0,0,1,89000,112000,0,0,0,0,0
POL157-2026,LOC157,2026,Riverbend,Manufacturing,0.91,16750000,4190000,40000,3,41900,26.8,58.9,7.63,68.1,27.5,1268.8,0.171,0,1,0,0,0,None,0,0,0,1,89000,112000,0,0,0,0,0
POL158-2024,LOC158,2024,Northgate,Manufacturing,0.963,17010000,4250000,80000,2,46300,29.0,46.2,3.98,64.1,23.4,1016.9,0.2,0,0,0,0,0,None,0,1,0,0,0,107000,49000,0,0,0,0
POL158-2025,LOC158,2025,Northgate,Manufacturing,0.703,17350000,6070000,80000,3,32300,30.8,69.3,0.4,68.5,24.8,941.1,0.228,0,0,0,0,0,None,0,1,0,0,0,107000,49000,0,0,0,0
POL158-2026,LOC158,2026,Northgate,Manufacturing,0.988,18480000,4620000,60000,1,51000,37.0,54.2,3.71,74.2,26.6,821.8,0.362,1,0,0,0,0,None,0,1,0,0,0,107000,49000,0,0,0,0
POL159-2024,LOC159,2024,Coastview,Food Processing,0.808,9330000,3270000,25000,2,22300,25.4,41.4,5.76,66.1,29.1,1413.1,0.127,0,1,0,0,0,None,0,1,0,0,0,99000,43000,0,0,0,0
POL159-2025,LOC159,2025,Coastview,Food Processing,0.846,9500000,3320000,40000,1,24400,13.1,52.8,4.54,57.2,26.1,1571.1,0.068,0,1,0,0,0,None,0,1,0,0,0,99000,43000,0,0,0,0
POL159-2026,LOC159,2026,Coastview,Food Processing,0.721,9790000,3430000,60000,1,21000,21.3,68.3,4.83,64.0,28.1,1503.1,0.111,0,0,0,0,0,None,0,1,0,0,0,99000,43000,0,0,0,0
POL160-2024,LOC160,2024,Riverbend,Hospital,0.85,52010000,18200000,50000,2,150300,35.5,64.2,6.07,54.7,22.8,1491.4,0.113,1,1,0,1,0,Water,1,0,0,0,152000,193000,85000,1,204563.38,149110.67,99110.67
POL160-2025,LOC160,2025,Riverbend,Hospital,0.763,55270000,19340000,75000,2,151700,31.2,53.6,5.35,37.7,24.4,1214.4,0.052,0,1,0,1,0,Water,1,0,0,0,152000,193000,85000,2,647119.75,358458.45,208458.45
POL160-2026,LOC160,2026,Riverbend,Hospital,0.868,56310000,28160000,100000,2,164600,30.8,52.3,6.3,78.9,29.4,1281.4,0.406,0,1,0,0,0,None,0,0,0,0,152000,193000,85000,0,0,0,0
POL161-2024,LOC161,2024,Central Metro,Food Processing,0.829,13750000,3440000,25000,3,35100,48.6,75.3,2.62,72.2,27.1,734.3,0.362,1,0,1,0,0,Air,0,1,0,0,0,103000,46000,0,0,0,0
POL161-2025,LOC161,2025,Central Metro,Food Processing,0.746,13580000,3400000,60000,1,32600,42.8,66.7,1.74,54.8,31.1,778.5,0.301,1,1,1,1,1,Compound,1,1,0,0,0,103000,46000,1,230035.21,193510.33,133510.33
POL161-2026,LOC161,2026,Central Metro,Food Processing,0.762,14180000,7090000,40000,2,31600,52.2,64.2,3.54,78.2,29.7,829.7,0.416,1,0,0,0,0,None,0,1,0,0,0,103000,46000,0,0,0,0
POL162-2024,LOC162,2024,Northgate,Food Processing,1.0,17830000,8920000,60000,3,48500,26.9,48.5,1.52,87.4,24.3,758.0,0.283,0,0,0,0,0,None,0,0,1,1,92000,0,0,0,0,0,0
POL162-2025,LOC162,2025,Northgate,Food Processing,0.764,17450000,6110000,40000,1,36800,27.6,63.8,4.61,64.6,20.4,883.8,0.231,0,0,0,0,0,None,0,0,1,1,92000,0,0,0,0,0,0
POL162-2026,LOC162,2026,Northgate,Food Processing,0.943,18800000,4700000,40000,1,51200,33.6,58.4,2.49,78.5,18.9,811.4,0.295,0,0,0,0,0,None,0,0,1,1,92000,0,0,0,0,0,0
POL163-2024,LOC163,2024,Coastview,Food Processing,0.959,12040000,4210000,60000,1,31100,28.8,58.8,4.01,56.4,29.2,1640.9,0.416,0,1,0,1,0,Water,0,0,1,1,84000,0,0,0,0,0,0
POL163-2025,LOC163,2025,Coastview,Food Processing,0.791,12700000,4440000,40000,1,28400,31.6,52.9,6.14,66.9,28.9,1515.4,0.131,0,1,0,0,0,None,0,0,1,1,84000,0,0,0,0,0,0
POL163-2026,LOC163,2026,Coastview,Food Processing,0.914,13070000,3270000,25000,1,32900,25.0,47.2,4.63,62.9,28.2,1629.1,0.083,0,0,0,0,0,None,0,0,1,1,84000,0,0,0,0,0,0
POL164-2024,LOC164,2024,Central Metro,Manufacturing,1.0,17010000,5950000,60000,1,52800,48.3,62.4,2.06,64.8,26.6,714.1,0.409,1,0,1,0,0,Air,0,0,0,0,85000,110000,48000,0,0,0,0
POL164-2025,LOC164,2025,Central Metro,Manufacturing,1.0,17400000,6090000,60000,1,54700,47.1,72.3,2.34,68.1,26.2,786.5,0.136,1,0,0,0,0,None,0,0,0,0,85000,110000,48000,0,0,0,0
POL164-2026,LOC164,2026,Central Metro,Manufacturing,0.795,18130000,9060000,60000,2,46600,44.4,82.3,3.22,63.1,27.0,742.9,0.442,1,0,0,0,0,None,0,0,0,0,85000,110000,48000,0,0,0,0
POL165-2024,LOC165,2024,Coastview,Hospital,0.79,26400000,13200000,75000,2,68100,20.4,44.7,5.11,66.5,27.8,1457.6,0.273,0,1,0,0,0,None,0,0,1,0,100000,0,56000,0,0,0,0
POL165-2025,LOC165,2025,Coastview,Hospital,0.998,27440000,9600000,100000,1,85700,27.4,39.3,2.67,61.8,31.8,1529.9,0.101,0,0,0,0,0,None,0,0,1,0,100000,0,56000,0,0,0,0
POL165-2026,LOC165,2026,Coastview,Hospital,0.79,27510000,9630000,50000,2,69100,28.4,56.5,5.21,62.6,32.6,1477.1,0.246,0,1,0,0,0,None,0,0,1,0,100000,0,56000,0,0,0,0
POL166-2024,LOC166,2024,Riverbend,Manufacturing,0.978,19930000,6980000,60000,2,52300,37.1,62.1,4.77,65.2,26.8,1172.9,0.408,1,0,1,0,0,Air,0,0,1,0,99000,0,53000,0,0,0,0
POL166-2025,LOC166,2025,Riverbend,Manufacturing,0.842,21020000,5260000,80000,2,50200,27.6,61.2,5.45,60.5,25.1,1263.3,0.294,0,1,0,0,0,None,0,0,1,0,99000,0,53000,0,0,0,0
POL166-2026,LOC166,2026,Riverbend,Manufacturing,0.945,21690000,7590000,60000,2,57000,32.7,64.9,6.23,54.7,24.8,1143.1,0.139,0,1,0,0,0,None,0,0,1,0,99000,0,53000,0,0,0,0
POL167-2024,LOC167,2024,Northgate,Hospital,0.774,35900000,12560000,75000,1,87200,30.4,68.9,1.42,72.1,26.7,959.2,0.286,0,0,0,0,0,None,0,0,0,0,118000,151000,66000,0,0,0,0
POL167-2025,LOC167,2025,Northgate,Hospital,0.912,35980000,9000000,100000,2,109000,24.2,57.8,3.41,73.2,21.5,854.0,0.341,0,0,0,0,0,None,0,0,0,0,118000,151000,66000,0,0,0,0
POL167-2026,LOC167,2026,Northgate,Hospital,0.984,38640000,19320000,50000,1,121500,31.9,71.1,3.94,70.7,23.7,928.6,0.386,1,0,0,0,0,None,0,0,0,0,118000,151000,66000,0,0,0,0
POL168-2024,LOC168,2024,Coastview,Manufacturing,1.0,13440000,6720000,40000,1,36900,22.1,53.0,4.93,67.1,32.3,1631.4,0.23,0,0,0,0,0,None,0,0,1,1,79000,0,0,0,0,0,0
POL168-2025,LOC168,2025,Coastview,Manufacturing,0.749,13690000,4790000,60000,3,25900,29.4,49.4,5.66,68.0,30.6,1477.0,0.146,0,1,0,0,0,None,0,0,1,1,79000,0,0,0,0,0,0
POL168-2026,LOC168,2026,Coastview,Manufacturing,0.83,14070000,4920000,80000,1,30000,29.7,54.1,5.37,57.6,25.6,1549.4,0.058,0,1,0,0,0,None,0,0,1,1,79000,0,0,0,0,0,0
POL169-2024,LOC169,2024,Central Metro,Manufacturing,0.73,14670000,3670000,40000,2,32400,49.1,76.0,2.52,68.1,28.6,910.8,0.188,1,0,0,0,0,None,0,0,0,0,87000,102000,47000,0,0,0,0
POL169-2025,LOC169,2025,Central Metro,Manufacturing,0.992,14520000,5080000,80000,3,42700,53.2,78.1,3.08,63.2,24.7,676.8,0.329,1,0,0,0,0,None,0,0,0,0,87000,102000,47000,0,0,0,0
POL169-2026,LOC169,2026,Central Metro,Manufacturing,0.699,14860000,7430000,80000,2,31000,48.7,71.7,5.37,70.8,27.4,892.9,0.372,1,1,1,0,0,Air,0,0,0,0,87000,102000,47000,1,236144.57,196884.45,116884.45
POL170-2024,LOC170,2024,Drylands,Manufacturing,0.977,23630000,8270000,60000,2,67500,40.4,68.8,4.81,62.0,30.3,579.4,0.552,1,0,0,0,0,None,0,0,0,1,95000,125000,0,0,0,0,0
POL170-2025,LOC170,2025,Drylands,Manufacturing,0.784,25150000,8800000,60000,1,58100,43.7,64.5,4.02,62.3,32.2,708.8,0.757,1,0,0,0,0,None,0,0,0,1,95000,125000,0,0,0,0,0
POL170-2026,LOC170,2026,Drylands,Manufacturing,0.964,25270000,8840000,60000,2,76000,38.6,68.3,5.31,60.2,34.4,581.3,0.95,1,1,0,0,0,None,0,0,0,1,95000,125000,0,0,0,0,0
POL171-2024,LOC171,2024,Drylands,Food Processing,0.933,8370000,2930000,25000,1,24200,43.4,62.4,3.96,58.2,32.8,488.5,0.759,1,1,0,0,0,None,0,1,0,1,0,93000,0,0,0,0,0
POL171-2025,LOC171,2025,Drylands,Food Processing,0.814,8660000,3030000,40000,2,21100,29.4,73.6,3.52,61.1,34.4,400.7,0.559,1,0,0,0,0,None,0,1,0,1,0,93000,0,0,0,0,0
POL171-2026,LOC171,2026,Drylands,Food Processing,0.762,9090000,2270000,25000,2,20500,37.4,74.1,4.47,63.0,32.1,394.2,0.899,1,0,0,0,0,None,0,1,0,1,0,93000,0,0,0,0,0
POL172-2024,LOC172,2024,Northgate,Food Processing,0.743,16690000,8340000,40000,2,33800,37.3,56.9,3.71,80.2,21.9,1085.9,0.193,1,0,1,0,0,Air,0,1,0,1,0,111000,0,0,0,0,0
POL172-2025,LOC172,2025,Northgate,Food Processing,0.748,17250000,6040000,25000,2,36900,32.6,58.8,2.76,72.6,24.3,985.9,0.331,0,0,0,0,0,None,0,1,0,1,0,111000,0,0,0,0,0
POL172-2026,LOC172,2026,Northgate,Food Processing,0.734,17760000,8880000,25000,2,37100,29.7,59.8,3.01,68.8,22.4,829.4,0.384,0,0,0,0,0,None,0,1,0,1,0,111000,0,0,0,0,0
POL173-2024,LOC173,2024,Central Metro,Manufacturing,1.0,15040000,5260000,60000,2,40900,42.5,61.2,4.55,77.5,29.6,841.3,0.218,1,0,0,0,0,None,0,1,1,0,0,0,48000,0,0,0,0
POL173-2025,LOC173,2025,Central Metro,Manufacturing,0.688,15610000,7800000,40000,1,30200,44.9,72.1,2.0,68.8,28.5,740.9,0.497,1,0,1,0,0,Air,0,1,1,0,0,0,48000,0,0,0,0
POL173-2026,LOC173,2026,Central Metro,Manufacturing,0.909,16610000,5810000,40000,1,39600,45.6,69.9,4.32,62.4,28.2,774.6,0.278,1,0,1,0,0,Air,1,1,1,0,0,0,48000,2,122793.01,82857.82,14383.95
POL174-2024,LOC174,2024,Central Metro,Manufacturing,1.0,10180000,5090000,60000,2,31200,46.5,73.6,2.27,85.9,26.7,997.2,0.211,1,0,1,0,0,Air,0,0,0,1,71000,91000,0,1,44269.02,31591.79,0.0
POL174-2025,LOC174,2025,Central Metro,Manufacturing,0.735,10650000,2660000,40000,2,24000,38.5,83.8,4.07,72.0,28.1,661.9,0.43,1,0,1,0,0,Air,0,0,0,1,71000,91000,0,0,0,0,0
POL174-2026,LOC174,2026,Central Metro,Manufacturing,1.0,11000000,5500000,40000,2,32700,45.0,65.5,2.93,62.6,29.9,858.4,0.341,1,0,0,0,0,None,0,0,0,1,71000,91000,0,0,0,0,0
POL175-2024,LOC175,2024,Northgate,Hospital,0.765,21170000,7410000,75000,3,52800,36.2,64.8,1.51,77.4,21.8,848.8,0.181,1,0,0,0,0,None,0,0,0,1,95000,125000,0,0,0,0,0
POL175-2025,LOC175,2025,Northgate,Hospital,0.802,22690000,7940000,75000,3,59600,30.2,68.0,1.43,82.2,26.7,924.3,0.292,0,0,0,0,0,None,0,0,0,1,95000,125000,0,0,0,0,0
POL175-2026,LOC175,2026,Northgate,Hospital,0.948,22980000,8040000,75000,1,66500,38.5,57.3,6.41,78.2,25.2,1094.0,0.393,1,1,0,0,0,None,0,0,0,1,95000,125000,0,0,0,0,0
POL176-2024,LOC176,2024,Riverbend,Food Processing,0.943,19820000,9910000,40000,2,53900,21.4,62.4,4.52,72.8,24.9,1319.3,0.352,0,0,0,0,0,None,0,0,0,1,97000,116000,0,0,0,0,0
POL176-2025,LOC176,2025,Riverbend,Food Processing,0.961,21100000,7380000,25000,2,59100,23.8,57.2,5.87,59.6,25.0,1416.0,0.301,0,1,0,0,0,None,0,0,0,1,97000,116000,0,0,0,0,0
POL176-2026,LOC176,2026,Riverbend,Food Processing,0.783,21820000,7640000,25000,2,53400,31.0,43.5,4.99,49.9,25.8,1093.4,0.298,0,1,0,1,0,Water,0,0,0,1,97000,116000,0,0,0,0,0
POL177-2024,LOC177,2024,Drylands,Manufacturing,0.851,20400000,10200000,40000,3,49300,39.7,64.4,5.09,56.7,29.9,308.6,0.666,1,1,0,0,0,None,0,0,0,1,95000,114000,0,0,0,0,0
POL177-2025,LOC177,2025,Drylands,Manufacturing,0.972,21090000,7380000,80000,2,62300,44.7,64.5,4.3,66.1,31.6,558.4,0.541,1,0,0,0,0,None,0,0,0,1,95000,114000,0,0,0,0,0
POL177-2026,LOC177,2026,Drylands,Manufacturing,0.709,21960000,10980000,40000,1,48000,48.8,69.9,5.25,66.3,31.9,582.3,0.72,1,1,0,0,0,None,0,0,0,1,95000,114000,0,0,0,0,0
POL178-2024,LOC178,2024,Coastview,Food Processing,0.792,13950000,4880000,25000,1,30900,22.8,52.8,4.79,59.3,27.6,1463.9,0.047,0,1,0,0,0,None,0,0,1,1,81000,0,0,0,0,0,0
POL178-2025,LOC178,2025,Coastview,Food Processing,0.695,14780000,7390000,40000,1,27100,35.6,56.4,4.11,76.3,26.5,1450.4,0.069,1,0,0,0,0,None,0,0,1,1,81000,0,0,0,0,0,0
POL178-2026,LOC178,2026,Coastview,Food Processing,0.86,15110000,5290000,25000,1,35600,30.5,71.8,5.23,68.8,30.3,1623.8,0.198,1,1,0,0,0,None,0,0,1,1,81000,0,0,0,0,0,0
POL179-2024,LOC179,2024,Central Metro,Food Processing,0.879,8850000,3100000,40000,1,21900,42.5,92.3,2.85,65.5,26.3,772.0,0.207,1,0,0,0,0,None,0,0,1,1,80000,0,0,0,0,0,0
POL179-2025,LOC179,2025,Central Metro,Food Processing,0.766,8970000,4480000,25000,2,21100,40.4,83.0,3.13,65.0,23.8,783.3,0.319,1,0,0,0,0,None,0,0,1,1,80000,0,0,0,0,0,0
POL179-2026,LOC179,2026,Central Metro,Food Processing,0.907,9540000,3340000,25000,3,25800,43.3,65.8,2.97,70.4,24.1,695.6,0.403,1,0,0,0,0,None,0,0,1,1,80000,0,0,0,0,0,0
POL180-2024,LOC180,2024,Coastview,Food Processing,0.948,15350000,3840000,60000,2,43500,23.3,50.7,6.12,59.9,27.4,1660.9,0.097,0,1,0,0,0,None,0,0,1,0,91000,0,50000,0,0,0,0
POL180-2025,LOC180,2025,Coastview,Food Processing,1.0,15710000,7860000,40000,2,43400,19.3,60.5,4.78,73.1,27.8,1529.0,0.23,0,0,0,0,0,None,0,0,1,0,91000,0,50000,0,0,0,0
POL180-2026,LOC180,2026,Coastview,Food Processing,0.91,15870000,5550000,40000,1,44100,22.4,61.9,4.79,63.5,27.2,1516.9,0.31,0,0,0,0,0,None,0,0,1,0,91000,0,50000,0,0,0,0
POL181-2024,LOC181,2024,Drylands,Food Processing,0.701,15730000,5510000,60000,2,35000,32.2,65.7,4.93,64.5,28.3,403.5,0.669,0,0,0,0,0,None,0,0,1,0,91000,0,51000,0,0,0,0
POL181-2025,LOC181,2025,Drylands,Food Processing,0.916,16550000,5790000,60000,2,49900,38.2,79.7,4.32,59.9,31.9,450.0,0.625,1,1,1,0,0,Air,0,0,1,0,91000,0,51000,0,0,0,0
POL181-2026,LOC181,2026,Drylands,Food Processing,0.686,16280000,8140000,40000,1,34200,47.8,66.5,4.26,60.3,34.2,391.2,0.515,1,0,0,0,0,None,0,0,1,0,91000,0,51000,0,0,0,0
POL182-2024,LOC182,2024,Drylands,Food Processing,0.739,19820000,9910000,60000,2,43100,38.9,68.7,2.78,71.4,30.5,700.3,0.55,1,0,0,0,0,None,0,1,1,1,0,0,0,0,0,0,0
POL182-2025,LOC182,2025,Drylands,Food Processing,0.992,19860000,4960000,40000,2,53700,39.7,50.6,5.53,67.4,26.5,531.8,0.753,1,1,0,0,0,None,0,1,1,1,0,0,0,0,0,0,0
POL182-2026,LOC182,2026,Drylands,Food Processing,0.931,20680000,10340000,40000,3,53700,40.1,64.0,4.64,45.0,33.1,448.8,0.841,1,1,0,1,0,Water,0,1,1,1,0,0,0,1,97310.9,56288.52,16288.52
POL183-2024,LOC183,2024,Coastview,Manufacturing,1.0,14210000,3550000,80000,3,41700,18.8,41.0,6.16,59.0,24.4,1391.0,0.02,0,1,0,0,0,None,0,0,0,0,88000,110000,48000,0,0,0,0
POL183-2025,LOC183,2025,Coastview,Manufacturing,0.727,15340000,3840000,60000,1,32200,25.9,46.1,5.22,69.8,26.7,1663.6,0.243,0,1,0,0,0,None,0,0,0,0,88000,110000,48000,0,0,0,0
POL183-2026,LOC183,2026,Coastview,Manufacturing,0.872,15620000,5470000,60000,2,39600,25.1,57.7,5.78,63.5,27.6,1431.3,0.107,0,1,0,0,0,None,0,0,0,0,88000,110000,48000,0,0,0,0
POL184-2024,LOC184,2024,Northgate,Food Processing,0.747,21610000,7560000,25000,1,51300,21.1,65.2,1.65,73.8,24.8,1078.3,0.441,0,0,0,0,0,None,0,0,0,0,93000,122000,58000,0,0,0,0
POL184-2025,LOC184,2025,Northgate,Food Processing,0.721,23180000,11590000,25000,1,49100,26.7,55.4,1.05,67.2,25.0,919.6,0.332,0,0,0,0,0,None,0,0,0,0,93000,122000,58000,0,0,0,0
POL184-2026,LOC184,2026,Northgate,Food Processing,0.928,22860000,11430000,60000,2,66500,25.7,50.2,0.61,66.6,24.5,1050.5,0.243,0,0,0,0,0,None,0,0,0,0,93000,122000,58000,0,0,0,0
POL185-2024,LOC185,2024,Central Metro,Food Processing,0.911,15370000,7680000,25000,3,48600,50.8,82.8,4.45,58.5,27.2,773.9,0.353,1,1,0,0,0,None,0,0,0,0,88000,109000,44000,0,0,0,0
POL185-2025,LOC185,2025,Central Metro,Food Processing,0.824,15810000,3950000,40000,2,45300,45.9,71.2,4.38,75.8,26.3,696.2,0.257,1,0,1,0,0,Air,0,0,0,0,88000,109000,44000,0,0,0,0
POL185-2026,LOC185,2026,Central Metro,Food Processing,0.762,16690000,8340000,40000,2,42000,47.5,89.3,4.08,55.7,29.3,736.6,0.331,1,1,0,0,0,None,0,0,0,0,88000,109000,44000,0,0,0,0
POL186-2024,LOC186,2024,Coastview,Hospital,0.685,30140000,15070000,75000,3,64600,21.2,46.5,5.74,68.1,26.9,1521.2,0.168,0,1,0,0,0,None,0,0,1,1,114000,0,0,0,0,0,0
POL186-2025,LOC186,2025,Coastview,Hospital,0.778,32040000,8010000,75000,2,79300,34.4,49.5,5.08,67.2,26.7,1444.6,0.335,0,1,0,0,0,None,0,0,1,1,114000,0,0,0,0,0,0
POL186-2026,LOC186,2026,Coastview,Hospital,0.977,33630000,16820000,75000,3,101100,24.8,46.8,3.61,57.9,31.5,1405.1,0.133,0,1,0,0,0,None,0,0,1,1,114000,0,0,0,0,0,0
POL187-2024,LOC187,2024,Northgate,Manufacturing,0.804,17030000,4260000,60000,1,36500,29.8,54.6,1.94,80.4,16.9,950.9,0.381,0,0,0,0,0,None,0,0,0,1,91000,115000,0,0,0,0,0
POL187-2025,LOC187,2025,Northgate,Manufacturing,0.685,18080000,4520000,60000,3,35800,23.4,48.1,2.37,70.9,25.3,1050.0,0.278,0,0,0,0,0,None,0,0,0,1,91000,115000,0,0,0,0,0
POL187-2026,LOC187,2026,Northgate,Manufacturing,0.709,18490000,4620000,40000,1,35200,27.6,64.2,3.68,64.8,23.4,1079.7,0.32,0,0,0,0,0,None,0,0,0,1,91000,115000,0,0,0,0,0
POL188-2024,LOC188,2024,Coastview,Food Processing,0.957,13820000,4840000,40000,1,41000,28.6,52.2,1.82,68.3,30.7,1622.8,0.208,0,0,0,0,0,None,0,1,0,0,0,101000,47000,0,0,0,0
POL188-2025,LOC188,2025,Coastview,Food Processing,0.864,14470000,7240000,40000,2,34800,27.3,59.9,5.26,64.2,27.9,1538.9,0.143,0,1,0,0,0,None,0,1,0,0,0,101000,47000,0,0,0,0
POL188-2026,LOC188,2026,Coastview,Food Processing,0.837,14410000,7200000,40000,1,35500,19.7,61.1,6.8,59.7,29.1,1385.7,0.21,0,1,0,1,0,Water,0,1,0,0,0,101000,47000,0,0,0,0
POL189-2024,LOC189,2024,Central Metro,Manufacturing,0.836,10950000,5480000,40000,1,26000,52.9,76.2,3.93,71.1,27.2,732.7,0.22,1,0,0,0,0,None,0,1,1,0,0,0,49000,0,0,0,0
POL189-2025,LOC189,2025,Central Metro,Manufacturing,0.708,11170000,3910000,40000,2,22600,45.2,71.7,1.85,66.6,24.3,877.7,0.084,1,0,0,0,0,None,0,1,1,0,0,0,49000,0,0,0,0
POL189-2026,LOC189,2026,Central Metro,Manufacturing,0.819,12150000,6080000,40000,3,26000,53.0,80.3,5.22,74.4,30.1,659.4,0.442,1,1,1,0,0,Air,0,1,1,0,0,0,49000,1,69537.84,35264.96,0.0
POL190-2024,LOC190,2024,Drylands,Manufacturing,0.9,23600000,8260000,40000,2,64600,37.0,56.0,5.18,59.1,29.8,468.4,0.738,1,1,0,0,0,None,0,0,0,1,103000,122000,0,0,0,0,0
POL190-2025,LOC190,2025,Drylands,Manufacturing,1.0,24560000,12280000,60000,3,71000,31.2,64.5,5.49,54.5,28.9,674.4,0.761,0,1,0,0,0,None,0,0,0,1,103000,122000,0,0,0,0,0
POL190-2026,LOC190,2026,Drylands,Manufacturing,0.919,25240000,8830000,60000,3,66200,37.6,66.7,4.89,57.3,34.8,605.1,0.724,1,1,0,0,0,None,0,0,0,1,103000,122000,0,0,0,0,0
POL191-2024,LOC191,2024,Drylands,Food Processing,0.967,13700000,3420000,40000,3,42200,31.8,69.4,5.98,62.8,31.9,636.4,0.596,0,1,0,0,0,None,0,0,0,0,86000,102000,47000,0,0,0,0
POL191-2025,LOC191,2025,Drylands,Food Processing,1.0,13500000,4720000,25000,1,43900,39.8,52.2,6.06,58.2,30.1,516.9,0.827,1,1,0,1,0,Water,1,0,0,0,86000,102000,47000,2,317744.6,271142.06,221142.06
POL191-2026,LOC191,2026,Drylands,Food Processing,0.943,14260000,4990000,40000,3,45200,53.3,68.8,5.07,58.2,37.1,540.7,0.751,1,1,1,0,0,Air,0,0,0,0,86000,102000,47000,0,0,0,0
POL192-2024,LOC192,2024,Central Metro,Hospital,0.901,29170000,14580000,75000,3,87100,46.3,72.0,1.59,73.9,27.6,856.7,0.136,1,0,0,0,0,None,0,0,1,1,115000,0,0,0,0,0,0
POL192-2025,LOC192,2025,Central Metro,Hospital,0.785,30040000,15020000,50000,2,72600,60.3,80.3,2.81,58.3,30.0,786.8,0.29,1,1,0,0,0,None,0,0,1,1,115000,0,0,0,0,0,0
POL192-2026,LOC192,2026,Central Metro,Hospital,0.925,30710000,10750000,75000,2,95400,52.1,81.8,5.13,64.2,29.2,765.5,0.381,1,1,0,0,0,None,0,0,1,1,115000,0,0,0,0,0,0
POL193-2024,LOC193,2024,Drylands,Hospital,0.777,52640000,18420000,100000,1,127400,31.2,72.5,4.49,60.8,26.9,484.9,0.681,1,0,0,0,0,None,0,1,0,1,0,195000,0,0,0,0,0
POL193-2025,LOC193,2025,Drylands,Hospital,0.856,53910000,13480000,50000,2,142200,45.1,79.6,3.24,60.6,32.1,673.7,0.756,1,0,1,0,0,Air,0,1,0,1,0,195000,0,0,0,0,0
POL193-2026,LOC193,2026,Drylands,Hospital,1.0,57130000,20000000,75000,1,175900,46.3,68.2,4.67,66.7,33.9,564.9,0.606,1,0,0,0,0,None,0,1,0,1,0,195000,0,0,0,0,0
POL194-2024,LOC194,2024,Northgate,Manufacturing,0.864,30900000,15450000,40000,2,75900,39.5,62.2,1.68,72.9,22.7,942.9,0.245,1,0,0,0,0,None,0,0,0,1,116000,136000,0,0,0,0,0
POL194-2025,LOC194,2025,Northgate,Manufacturing,0.905,31530000,11040000,40000,1,82100,29.6,60.8,3.43,69.4,23.6,945.6,0.196,0,0,0,0,0,None,0,0,0,1,116000,136000,0,0,0,0,0
POL194-2026,LOC194,2026,Northgate,Manufacturing,0.959,32250000,8060000,80000,2,86800,35.7,65.7,0.65,59.1,25.0,832.3,0.275,1,1,0,1,0,Water,0,0,0,1,116000,136000,0,1,131587.02,97694.47,17694.47
POL195-2024,LOC195,2024,Riverbend,Hospital,0.697,26600000,13300000,75000,1,59300,17.5,63.6,5.24,65.0,25.2,1277.0,0.313,0,1,0,0,0,None,0,0,1,0,104000,0,62000,0,0,0,0
POL195-2025,LOC195,2025,Riverbend,Hospital,1.0,28830000,10090000,50000,3,93800,23.1,50.2,4.84,64.1,28.4,1209.1,0.111,0,0,0,0,0,None,0,0,1,0,104000,0,62000,0,0,0,0
POL195-2026,LOC195,2026,Riverbend,Hospital,0.726,28600000,14300000,50000,1,70200,32.4,57.8,4.21,67.2,22.1,1343.9,0.396,0,0,0,0,0,None,0,0,1,0,104000,0,62000,0,0,0,0
POL196-2024,LOC196,2024,Central Metro,Food Processing,0.879,14750000,5160000,40000,1,40800,37.3,97.4,4.94,67.1,24.1,912.0,0.301,1,0,0,0,0,None,0,0,0,1,80000,100000,0,0,0,0,0
POL196-2025,LOC196,2025,Central Metro,Food Processing,0.755,14960000,5240000,40000,3,34300,45.8,83.8,2.73,76.0,26.7,803.1,0.309,1,0,0,0,0,None,0,0,0,1,80000,100000,0,0,0,0,0
POL196-2026,LOC196,2026,Central Metro,Food Processing,0.735,15600000,7800000,60000,2,35700,48.5,86.5,3.0,63.3,29.1,617.7,0.373,1,0,1,0,0,Air,0,0,0,1,80000,100000,0,0,0,0,0
POL197-2024,LOC197,2024,Coastview,Manufacturing,0.849,22740000,7960000,40000,1,51900,26.2,47.8,4.26,62.5,25.8,1505.0,0.163,0,0,0,0,0,None,0,1,0,1,0,116000,0,0,0,0,0
POL197-2025,LOC197,2025,Coastview,Manufacturing,0.744,23240000,8130000,40000,1,45100,33.6,58.1,4.23,71.5,22.9,1361.6,0.268,0,0,0,0,0,None,0,1,0,1,0,116000,0,0,0,0,0
POL197-2026,LOC197,2026,Coastview,Manufacturing,1.0,24610000,8610000,40000,3,62800,19.1,52.9,4.33,61.3,29.9,1515.5,0.219,0,0,0,0,0,None,0,1,0,1,0,116000,0,0,0,0,0
POL198-2024,LOC198,2024,Riverbend,Hospital,0.715,31470000,11010000,75000,3,73500,27.5,48.5,4.92,59.0,24.0,1415.1,0.02,0,1,0,1,0,Water,0,1,0,0,0,134000,60000,0,0,0,0
POL198-2025,LOC198,2025,Riverbend,Hospital,0.955,32820000,11490000,100000,2,96400,35.3,63.2,5.16,55.3,26.2,1361.6,0.221,1,1,0,0,0,None,0,1,0,0,0,134000,60000,0,0,0,0
POL198-2026,LOC198,2026,Riverbend,Hospital,0.973,32410000,16200000,50000,2,96700,22.4,43.4,6.47,55.8,23.9,1126.8,0.328,0,1,0,0,0,None,0,1,0,0,0,134000,60000,0,0,0,0
POL199-2024,LOC199,2024,Central Metro,Manufacturing,0.747,16400000,4100000,60000,1,37200,46.7,69.1,3.43,59.0,30.0,889.3,0.398,1,1,1,0,0,Air,1,0,0,0,87000,110000,47000,2,255016.73,192925.2,72925.2
POL199-2025,LOC199,2025,Central Metro,Manufacturing,0.996,17120000,8560000,60000,1,50600,47.1,56.8,4.21,67.5,26.8,774.5,0.341,1,0,0,0,0,None,0,0,0,0,87000,110000,47000,0,0,0,0
POL199-2026,LOC199,2026,Central Metro,Manufacturing,0.834,17160000,8580000,80000,2,44700,50.3,61.3,2.88,67.0,27.8,759.9,0.476,1,0,0,0,0,None,0,0,0,0,87000,110000,47000,0,0,0,0
POL200-2024,LOC200,2024,Drylands,Manufacturing,0.92,38380000,9600000,60000,1,105400,48.2,66.0,5.09,56.4,30.0,549.0,0.61,1,1,1,0,0,Air,0,0,1,1,123000,0,0,0,0,0,0
POL200-2025,LOC200,2025,Drylands,Manufacturing,0.995,39550000,19780000,80000,2,105300,31.9,73.0,4.27,75.3,29.6,533.0,0.605,1,0,0,0,0,None,0,0,1,1,123000,0,0,0,0,0,0
POL200-2026,LOC200,2026,Drylands,Manufacturing,0.999,40050000,14020000,40000,3,112500,45.8,75.7,4.39,59.6,29.3,600.1,0.729,1,1,0,0,0,None,0,0,1,1,123000,0,0,0,0,0,0
POL201-2024,LOC201,2024,Drylands,Manufacturing,0.974,15180000,5310000,40000,2,45900,41.1,76.1,4.12,65.7,30.3,397.3,0.702,1,0,0,0,0,None,0,0,1,0,89000,0,47000,0,0,0,0
POL201-2025,LOC201,2025,Drylands,Manufacturing,0.767,15530000,5440000,40000,2,34700,45.4,57.8,3.3,66.8,34.6,484.0,0.721,1,0,0,0,0,None,0,0,1,0,89000,0,47000,0,0,0,0
POL201-2026,LOC201,2026,Drylands,Manufacturing,0.89,16180000,5660000,60000,2,42900,34.2,76.7,4.66,51.1,32.9,460.2,0.648,1,1,0,1,0,Water,0,0,1,0,89000,0,47000,0,0,0,0
POL202-2024,LOC202,2024,Central Metro,Manufacturing,1.0,8840000,3090000,60000,2,26800,38.3,71.2,5.86,67.0,26.5,866.5,0.429,1,1,0,0,0,None,0,1,0,0,0,95000,45000,0,0,0,0
POL202-2025,LOC202,2025,Central Metro,Manufacturing,0.781,9390000,2350000,40000,3,22300,48.3,68.1,2.58,75.9,27.8,802.4,0.352,1,0,0,0,0,None,0,1,0,0,0,95000,45000,0,0,0,0
POL202-2026,LOC202,2026,Central Metro,Manufacturing,0.931,9300000,3260000,40000,2,24500,45.8,81.0,0.6,51.1,28.4,766.6,0.467,1,1,0,0,0,None,0,1,0,0,0,95000,45000,0,0,0,0
POL203-2024,LOC203,2024,Northgate,Manufacturing,0.903,15570000,7780000,40000,3,36000,34.6,59.2,3.23,81.7,25.9,1021.7,0.405,0,0,0,0,0,None,0,0,1,0,84000,0,51000,0,0,0,0
POL203-2025,LOC203,2025,Northgate,Manufacturing,0.838,16330000,8160000,40000,3,38300,28.2,63.9,3.16,69.7,22.8,951.8,0.215,0,0,0,0,0,None,0,0,1,0,84000,0,51000,0,0,0,0
POL203-2026,LOC203,2026,Northgate,Manufacturing,0.76,16250000,5690000,80000,2,34900,26.9,58.3,2.96,71.3,26.8,922.6,0.214,0,0,0,0,0,None,0,0,1,0,84000,0,51000,0,0,0,0
POL204-2024,LOC204,2024,Drylands,Food Processing,0.844,14440000,3610000,40000,2,38000,43.8,71.2,5.8,57.8,29.7,473.8,0.558,1,1,0,0,0,None,0,1,1,0,0,0,50000,0,0,0,0
POL204-2025,LOC204,2025,Drylands,Food Processing,0.938,15050000,5270000,25000,1,42400,41.9,66.8,4.67,63.4,28.3,515.7,0.74,1,0,0,0,0,None,0,1,1,0,0,0,50000,0,0,0,0
POL204-2026,LOC204,2026,Drylands,Food Processing,0.968,15880000,5560000,25000,3,44500,43.9,81.6,4.28,60.7,30.5,581.0,0.857,1,0,0,0,0,None,0,1,1,0,0,0,50000,0,0,0,0
POL205-2024,LOC205,2024,Riverbend,Manufacturing,0.991,15200000,3800000,60000,1,42100,33.3,60.8,4.42,66.7,29.6,1243.8,0.02,0,0,0,0,0,None,0,1,0,0,0,105000,49000,0,0,0,0
POL205-2025,LOC205,2025,Riverbend,Manufacturing,0.932,15560000,7780000,40000,3,42000,36.4,66.9,7.23,51.2,25.8,1403.7,0.127,1,1,1,0,0,Air,0,1,0,0,0,105000,49000,0,0,0,0
POL205-2026,LOC205,2026,Riverbend,Manufacturing,0.697,16210000,5670000,40000,2,32700,26.0,62.0,5.47,64.1,24.9,1397.9,0.156,0,1,0,0,0,None,0,1,0,0,0,105000,49000,0,0,0,0
POL206-2024,LOC206,2024,Coastview,Food Processing,0.763,9870000,3450000,25000,3,22800,28.6,45.5,6.79,66.0,30.2,1468.3,0.207,0,1,0,0,0,None,0,1,0,0,0,95000,47000,0,0,0,0
POL206-2025,LOC206,2025,Coastview,Food Processing,0.739,10090000,3530000,40000,1,22600,25.0,55.0,4.38,71.4,29.7,1356.8,0.221,0,0,0,0,0,None,0,1,0,0,0,95000,47000,0,0,0,0
POL206-2026,LOC206,2026,Coastview,Food Processing,0.762,10850000,2710000,25000,2,23000,31.5,41.8,4.59,58.3,26.3,1550.4,0.163,0,1,0,0,0,None,0,1,0,0,0,95000,47000,0,0,0,0
POL207-2024,LOC207,2024,Central Metro,Food Processing,0.739,9230000,2310000,60000,2,20700,35.9,75.2,2.89,72.9,26.7,832.5,0.258,1,0,0,0,0,None,0,1,1,0,0,0,39000,0,0,0,0
POL207-2025,LOC207,2025,Central Metro,Food Processing,1.0,9460000,4730000,40000,2,26100,51.2,72.6,2.12,61.9,26.2,811.4,0.434,1,0,0,0,0,None,0,1,1,0,0,0,39000,0,0,0,0
POL207-2026,LOC207,2026,Central Metro,Food Processing,0.941,10220000,3580000,60000,1,27900,45.6,74.9,3.2,64.7,28.7,635.7,0.442,1,0,0,0,0,None,0,1,1,0,0,0,39000,0,0,0,0
POL208-2024,LOC208,2024,Drylands,Food Processing,1.0,12800000,4480000,25000,1,36500,48.1,66.0,3.93,73.8,31.9,556.9,0.651,1,0,0,0,0,None,0,1,0,1,0,98000,0,0,0,0,0
POL208-2025,LOC208,2025,Drylands,Food Processing,0.799,12690000,3170000,60000,3,29200,41.0,66.7,2.65,61.9,30.0,449.2,0.792,1,0,0,0,0,None,0,1,0,1,0,98000,0,0,0,0,0
POL208-2026,LOC208,2026,Drylands,Food Processing,0.724,13630000,4770000,40000,1,31100,31.3,61.9,5.38,69.5,28.8,664.3,0.811,0,1,0,0,0,None,0,1,0,1,0,98000,0,0,0,0,0
POL209-2024,LOC209,2024,Central Metro,Manufacturing,0.91,33780000,16890000,40000,2,90200,42.5,75.1,5.25,68.0,26.6,813.4,0.425,1,1,1,0,0,Air,0,1,0,0,0,142000,67000,2,374342.23,178262.67,98262.67
POL209-2025,LOC209,2025,Central Metro,Manufacturing,0.995,36290000,9070000,60000,1,110300,45.6,73.1,3.28,69.8,26.2,793.7,0.417,1,0,0,0,0,None,0,1,0,0,0,142000,67000,0,0,0,0
POL209-2026,LOC209,2026,Central Metro,Manufacturing,0.908,37030000,12960000,40000,1,99500,44.4,79.0,4.55,72.4,24.5,814.8,0.533,1,0,1,0,0,Air,1,1,0,0,0,142000,67000,1,84129.42,48556.73,8556.73
POL210-2024,LOC210,2024,Drylands,Hospital,0.812,11170000,5580000,50000,2,29000,45.4,69.5,3.52,59.2,31.1,679.1,0.767,1,1,0,0,0,None,0,1,1,0,0,0,47000,0,0,0,0
POL210-2025,LOC210,2025,Drylands,Hospital,0.878,12040000,4210000,50000,2,34500,41.7,70.8,2.66,60.8,32.5,552.4,0.682,1,0,0,0,0,None,0,1,1,0,0,0,47000,0,0,0,0
POL210-2026,LOC210,2026,Drylands,Hospital,0.752,12090000,6040000,50000,1,27900,40.0,76.4,4.0,59.8,30.1,525.0,0.95,1,1,0,0,0,None,0,1,1,0,0,0,47000,0,0,0,0
POL211-2024,LOC211,2024,Northgate,Food Processing,0.939,20570000,10280000,60000,2,58400,34.1,58.2,3.3,66.9,23.1,966.9,0.176,0,0,0,0,0,None,0,0,0,0,97000,116000,56000,0,0,0,0
POL211-2025,LOC211,2025,Northgate,Food Processing,0.917,21730000,10860000,40000,2,62300,39.2,65.4,5.05,69.4,21.8,971.4,0.129,1,1,1,0,0,Air,0,0,0,0,97000,116000,56000,1,53768.99,21403.84,0.0
POL211-2026,LOC211,2026,Northgate,Food Processing,0.948,23040000,5760000,25000,3,64300,27.5,50.3,4.06,66.7,24.2,1040.8,0.389,0,0,0,0,0,None,0,0,0,0,97000,116000,56000,0,0,0,0
POL212-2024,LOC212,2024,Coastview,Food Processing,0.83,10900000,2720000,40000,1,29800,26.6,56.4,5.83,69.2,29.7,1809.6,0.06,0,1,0,0,0,None,0,0,0,0,75000,97000,47000,0,0,0,0
POL212-2025,LOC212,2025,Coastview,Food Processing,0.975,11270000,5640000,25000,2,34200,23.9,52.5,5.69,71.4,27.0,1654.3,0.083,0,1,0,0,0,None,0,0,0,0,75000,97000,47000,0,0,0,0
POL212-2026,LOC212,2026,Coastview,Food Processing,0.776,11830000,4140000,40000,3,27600,20.4,45.5,3.86,60.3,30.4,1621.4,0.14,0,0,0,0,0,None,0,0,0,0,75000,97000,47000,0,0,0,0
POL213-2024,LOC213,2024,Drylands,Food Processing,0.84,29880000,7470000,25000,1,81500,30.7,58.6,4.21,64.8,29.4,531.7,0.551,0,0,0,0,0,None,0,0,1,0,107000,0,61000,0,0,0,0
POL213-2025,LOC213,2025,Drylands,Food Processing,0.74,31040000,15520000,60000,1,68300,34.7,68.8,6.32,59.4,34.7,538.5,0.793,0,1,0,0,0,None,0,0,1,0,107000,0,61000,0,0,0,0
POL213-2026,LOC213,2026,Drylands,Food Processing,0.972,32660000,8160000,25000,2,98100,45.3,75.9,2.73,67.5,31.8,570.4,0.647,1,0,0,0,0,None,0,0,1,0,107000,0,61000,0,0,0,0
POL214-2024,LOC214,2024,Northgate,Food Processing,0.755,9140000,4570000,25000,2,20800,37.3,60.8,0.91,71.8,24.0,877.5,0.25,1,0,1,0,0,Air,0,0,0,0,79000,87000,42000,1,71483.37,33798.9,8798.9
POL214-2025,LOC214,2025,Northgate,Food Processing,0.937,9760000,3420000,40000,2,28000,35.4,51.1,3.8,73.3,24.0,936.3,0.304,1,0,1,0,0,Air,0,0,0,0,79000,87000,42000,1,36778.85,17915.3,0.0
POL214-2026,LOC214,2026,Northgate,Food Processing,0.846,10190000,5100000,60000,1,25500,43.1,55.0,3.59,61.3,23.0,878.3,0.25,1,0,0,0,0,None,0,0,0,0,79000,87000,42000,0,0,0,0
POL215-2024,LOC215,2024,Northgate,Food Processing,0.753,11920000,4170000,40000,3,26400,28.1,64.8,2.24,68.7,28.7,614.0,0.133,0,0,0,0,0,None,0,0,0,0,82000,104000,43000,0,0,0,0
POL215-2025,LOC215,2025,Northgate,Food Processing,0.739,12660000,6330000,60000,3,28500,32.2,43.6,3.67,77.8,27.8,878.7,0.217,0,0,0,0,0,None,0,0,0,0,82000,104000,43000,0,0,0,0
POL215-2026,LOC215,2026,Northgate,Food Processing,0.914,12830000,4490000,25000,1,36600,26.5,64.3,2.06,74.5,28.1,999.5,0.239,0,0,0,0,0,None,0,0,0,0,82000,104000,43000,0,0,0,0
POL216-2024,LOC216,2024,Riverbend,Food Processing,0.844,20270000,10140000,40000,1,53100,27.0,71.7,5.89,65.3,26.8,1413.3,0.289,1,1,0,0,0,None,0,0,1,0,99000,0,52000,0,0,0,0
POL216-2025,LOC216,2025,Riverbend,Food Processing,0.971,19930000,6980000,25000,2,56900,30.1,59.9,5.08,57.1,24.0,1300.7,0.103,0,1,0,0,0,None,0,0,1,0,99000,0,52000,0,0,0,0
POL216-2026,LOC216,2026,Riverbend,Food Processing,0.927,20710000,7250000,25000,2,55400,36.6,57.0,5.43,48.9,26.7,1389.9,0.35,1,1,0,0,0,None,0,0,1,0,99000,0,52000,0,0,0,0
POL217-2024,LOC217,2024,Drylands,Manufacturing,0.931,31690000,7920000,60000,1,88100,52.6,73.0,5.06,62.8,34.6,447.6,0.72,1,1,1,0,0,Air,1,0,0,0,119000,145000,62000,2,312149.75,271872.19,151872.19
POL217-2025,LOC217,2025,Drylands,Manufacturing,0.933,33040000,11560000,60000,2,93100,41.7,77.9,5.53,75.6,28.7,426.8,0.537,1,1,0,1,0,Water,0,0,0,0,119000,145000,62000,0,0,0,0
POL217-2026,LOC217,2026,Drylands,Manufacturing,0.926,33810000,8450000,60000,2,103900,45.2,76.7,5.92,50.3,29.6,626.1,0.612,1,1,0,1,0,Water,1,0,0,0,119000,145000,62000,1,233832.6,193537.72,133537.72
POL218-2024,LOC218,2024,Coastview,Food Processing,0.846,14720000,7360000,60000,2,31700,19.2,63.6,5.5,68.1,25.4,1664.7,0.185,0,1,0,0,0,None,0,1,1,1,0,0,0,0,0,0,0
POL218-2025,LOC218,2025,Coastview,Food Processing,0.941,14570000,5100000,40000,3,37600,24.5,57.6,5.51,66.7,26.0,1459.5,0.316,0,1,0,0,0,None,0,1,1,1,0,0,0,0,0,0,0
POL218-2026,LOC218,2026,Coastview,Food Processing,0.787,15420000,7710000,25000,1,33000,36.7,45.5,5.96,65.9,29.2,1551.3,0.383,1,1,0,1,0,Water,1,1,1,1,0,0,0,1,76455.69,47106.47,22106.47
POL219-2024,LOC219,2024,Drylands,Food Processing,0.816,19850000,9920000,25000,2,48100,45.3,76.0,3.2,57.3,30.6,470.7,0.623,1,1,0,0,0,None,0,1,0,1,0,118000,0,0,0,0,0
POL219-2025,LOC219,2025,Drylands,Food Processing,0.976,20270000,7090000,25000,2,57000,35.7,69.2,4.71,73.1,34.3,633.0,0.765,1,0,0,0,0,None,0,1,0,1,0,118000,0,0,0,0,0
POL219-2026,LOC219,2026,Drylands,Food Processing,0.966,21280000,5320000,25000,3,62000,46.7,68.8,6.25,69.4,32.8,405.2,0.944,1,1,0,0,0,None,0,1,0,1,0,118000,0,0,0,0,0
POL220-2024,LOC220,2024,Riverbend,Manufacturing,0.769,21090000,7380000,80000,1,46400,40.1,53.2,5.55,54.6,24.6,1193.8,0.242,1,1,0,0,0,None,0,0,0,0,90000,116000,57000,0,0,0,0
POL220-2025,LOC220,2025,Riverbend,Manufacturing,0.845,21880000,5470000,40000,2,53000,26.5,55.0,5.38,60.3,21.3,1271.7,0.065,0,1,0,1,0,Water,1,0,0,0,90000,116000,57000,1,114913.0,45130.79,5130.79
POL220-2026,LOC220,2026,Riverbend,Manufacturing,0.904,21700000,10850000,60000,2,55200,30.2,52.9,8.06,62.5,26.1,1440.5,0.029,0,1,0,1,0,Water,1,0,0,0,90000,116000,57000,1,365376.48,200723.96,140723.96
POL221-2024,LOC221,2024,Coastview,Manufacturing,0.71,16740000,8370000,60000,3,29500,23.6,53.9,3.99,60.6,28.2,1691.3,0.19,0,0,0,0,0,None,0,0,1,1,83000,0,0,0,0,0,0
POL221-2025,LOC221,2025,Coastview,Manufacturing,0.859,17650000,4410000,80000,2,40900,33.7,50.3,3.79,66.4,23.9,1668.0,0.308,0,0,0,0,0,None,0,0,1,1,83000,0,0,0,0,0,0
POL221-2026,LOC221,2026,Coastview,Manufacturing,0.689,17640000,4410000,60000,2,31800,26.5,52.9,3.04,55.3,31.1,1541.9,0.218,0,1,0,0,0,None,0,0,1,1,83000,0,0,0,0,0,0
POL222-2024,LOC222,2024,Central Metro,Food Processing,0.826,10250000,5120000,60000,2,26400,41.6,71.4,2.91,61.4,26.3,626.4,0.307,1,0,0,0,0,None,0,0,1,0,76000,0,45000,0,0,0,0
POL222-2025,LOC222,2025,Central Metro,Food Processing,0.97,10700000,3740000,40000,1,33500,41.4,81.0,3.63,58.6,25.5,833.5,0.431,1,1,1,0,0,Air,0,0,1,0,76000,0,45000,0,0,0,0
POL222-2026,LOC222,2026,Central Metro,Food Processing,0.773,10890000,2720000,40000,3,27300,48.8,88.6,3.16,67.8,28.7,843.2,0.611,1,0,1,0,0,Air,0,0,1,0,76000,0,45000,2,199085.36,69051.58,2549.01
POL223-2024,LOC223,2024,Coastview,Food Processing,0.709,17480000,6120000,40000,2,36600,19.5,59.6,3.58,59.0,27.3,1678.5,0.086,0,1,0,0,0,None,0,0,1,0,92000,0,51000,0,0,0,0
POL223-2025,LOC223,2025,Coastview,Food Processing,0.884,17470000,4370000,40000,2,43700,33.4,50.5,4.68,65.2,25.6,1640.3,0.191,0,0,0,0,0,None,0,0,1,0,92000,0,51000,0,0,0,0
POL223-2026,LOC223,2026,Coastview,Food Processing,0.76,18390000,6440000,40000,1,40600,23.6,49.7,3.74,65.8,28.9,1531.1,0.303,0,0,0,0,0,None,0,0,1,0,92000,0,51000,0,0,0,0
POL224-2024,LOC224,2024,Riverbend,Manufacturing,0.968,16230000,5680000,60000,1,44000,22.5,45.1,5.27,67.8,21.3,1045.4,0.229,0,1,0,0,0,None,0,0,0,1,91000,103000,0,0,0,0,0
POL224-2025,LOC224,2025,Riverbend,Manufacturing,0.702,17710000,4430000,60000,2,33600,20.5,41.0,7.67,67.2,24.8,1165.4,0.215,0,1,0,1,0,Water,0,0,0,1,91000,103000,0,1,140535.41,80569.42,20569.42
POL224-2026,LOC224,2026,Riverbend,Manufacturing,1.0,17840000,8920000,40000,2,50500,19.6,52.3,4.24,56.4,27.2,1349.4,0.095,0,1,0,0,0,None,0,0,0,1,91000,103000,0,0,0,0,0
POL225-2024,LOC225,2024,Northgate,Food Processing,0.99,26000000,6500000,25000,3,80000,22.3,66.4,0.46,72.7,19.1,1188.5,0.173,0,0,0,0,0,None,0,0,0,0,104000,128000,55000,0,0,0,0
POL225-2025,LOC225,2025,Northgate,Food Processing,0.893,27780000,13890000,60000,2,71800,34.4,61.9,3.34,78.2,22.1,876.8,0.278,0,0,0,0,0,None,0,0,0,0,104000,128000,55000,0,0,0,0
POL225-2026,LOC225,2026,Northgate,Food Processing,0.957,28230000,14120000,60000,2,81600,29.5,64.4,4.28,76.3,27.2,1032.9,0.134,0,0,0,0,0,None,0,0,0,0,104000,128000,55000,0,0,0,0
POL226-2024,LOC226,2024,Coastview,Food Processing,0.759,17510000,4380000,40000,1,35200,37.2,55.8,3.27,62.5,23.8,1416.3,0.203,1,0,0,0,0,None,0,1,1,1,0,0,0,0,0,0,0
POL226-2025,LOC226,2025,Coastview,Food Processing,0.784,18480000,6470000,60000,2,37000,24.5,54.5,4.74,63.4,30.9,1445.1,0.026,0,0,0,0,0,None,0,1,1,1,0,0,0,0,0,0,0
POL226-2026,LOC226,2026,Coastview,Food Processing,0.848,19150000,6700000,40000,2,44400,26.4,61.0,5.52,65.9,27.1,1585.4,0.263,0,1,0,0,0,None,0,1,1,1,0,0,0,0,0,0,0
POL227-2024,LOC227,2024,Riverbend,Manufacturing,0.961,13490000,3370000,60000,2,35000,22.0,61.1,8.54,63.6,26.5,1247.5,0.312,0,1,0,0,0,None,0,0,1,1,87000,0,0,0,0,0,0
POL227-2025,LOC227,2025,Riverbend,Manufacturing,0.682,13490000,6740000,40000,1,23700,22.0,50.2,6.03,67.2,22.4,1477.8,0.02,0,1,0,0,0,None,0,0,1,1,87000,0,0,0,0,0,0
POL227-2026,LOC227,2026,Riverbend,Manufacturing,0.765,14140000,4950000,80000,2,30500,33.4,48.2,5.65,56.4,25.3,1464.5,0.23,0,1,0,0,0,None,0,0,1,1,87000,0,0,0,0,0,0
POL228-2024,LOC228,2024,Drylands,Manufacturing,0.968,24280000,8500000,60000,2,72900,41.5,58.4,4.63,69.5,28.9,615.6,0.662,1,0,0,0,0,None,0,0,0,1,101000,118000,0,0,0,0,0
POL228-2025,LOC228,2025,Drylands,Manufacturing,0.741,24530000,6130000,40000,3,55800,45.9,69.7,4.93,65.2,30.4,395.6,0.674,1,0,1,0,0,Air,0,0,0,1,101000,118000,0,0,0,0,0
POL228-2026,LOC228,2026,Drylands,Manufacturing,0.751,24780000,8670000,60000,1,58300,43.4,66.8,3.16,74.9,32.4,425.9,0.782,1,0,0,0,0,None,0,0,0,1,101000,118000,0,0,0,0,0
POL229-2024,LOC229,2024,Coastview,Manufacturing,0.928,17120000,5990000,40000,3,41300,26.8,49.5,3.8,65.9,24.4,1431.4,0.045,0,0,0,0,0,None,0,0,1,1,93000,0,0,0,0,0,0
POL229-2025,LOC229,2025,Coastview,Manufacturing,0.927,18540000,4640000,80000,2,46400,20.2,47.3,4.88,74.8,23.6,1476.8,0.236,0,0,0,0,0,None,0,0,1,1,93000,0,0,0,0,0,0
POL229-2026,LOC229,2026,Coastview,Manufacturing,1.0,18990000,9500000,60000,2,50300,18.8,51.3,4.27,73.0,30.0,1661.5,0.145,0,0,0,0,0,None,0,0,1,1,93000,0,0,0,0,0,0
POL230-2024,LOC230,2024,Drylands,Food Processing,1.0,9390000,4700000,25000,3,27000,42.1,65.9,5.48,66.9,35.5,458.3,0.68,1,1,0,0,0,None,0,1,1,0,0,0,45000,0,0,0,0
POL230-2025,LOC230,2025,Drylands,Food Processing,0.82,9550000,2390000,25000,3,22100,34.4,64.7,4.67,56.1,31.0,372.4,0.6,0,1,0,0,0,None,0,1,1,0,0,0,45000,0,0,0,0
POL230-2026,LOC230,2026,Drylands,Food Processing,0.857,10200000,3570000,40000,3,24400,39.5,72.8,5.74,65.6,33.4,509.4,0.653,1,1,0,0,0,None,0,1,1,0,0,0,45000,0,0,0,0
POL231-2024,LOC231,2024,Central Metro,Food Processing,0.873,18040000,6310000,25000,1,46200,41.6,70.0,2.14,65.7,28.6,831.1,0.419,1,0,0,0,0,None,0,0,1,0,96000,0,48000,0,0,0,0
POL231-2025,LOC231,2025,Central Metro,Food Processing,0.896,18940000,6630000,25000,1,53000,50.6,82.0,2.38,71.8,26.8,704.2,0.409,1,0,0,0,0,None,0,0,1,0,96000,0,48000,0,0,0,0
POL231-2026,LOC231,2026,Central Metro,Food Processing,0.732,19020000,4760000,40000,3,42000,48.8,82.8,4.13,60.9,22.0,597.0,0.398,1,0,1,0,0,Air,0,0,1,0,96000,0,48000,0,0,0,0
POL232-2024,LOC232,2024,Drylands,Hospital,0.809,34180000,11960000,50000,3,93500,43.3,71.5,4.19,68.9,32.0,527.6,0.624,1,0,0,0,0,None,0,1,1,0,0,0,65000,0,0,0,0
POL232-2025,LOC232,2025,Drylands,Hospital,0.85,36270000,18140000,50000,1,103000,35.6,60.1,5.74,70.5,31.5,272.1,0.754,1,1,0,0,0,None,0,1,1,0,0,0,65000,0,0,0,0
POL232-2026,LOC232,2026,Drylands,Hospital,0.709,36820000,18410000,75000,1,83400,47.0,59.2,5.31,54.9,32.7,469.6,0.629,1,1,0,0,0,None,0,1,1,0,0,0,65000,0,0,0,0
POL233-2024,LOC233,2024,Coastview,Hospital,0.932,48710000,24360000,75000,2,132100,30.4,55.2,4.3,71.0,28.4,1546.0,0.152,0,0,0,0,0,None,0,1,0,1,0,181000,0,0,0,0,0
POL233-2025,LOC233,2025,Coastview,Hospital,0.783,50130000,25060000,50000,1,121000,32.6,66.7,4.64,69.8,28.9,1711.2,0.207,0,0,0,0,0,None,0,1,0,1,0,181000,0,0,0,0,0
POL233-2026,LOC233,2026,Coastview,Hospital,0.684,51430000,18000000,75000,1,110800,29.1,48.8,4.52,71.0,30.3,1427.0,0.145,0,0,0,0,0,None,0,1,0,1,0,181000,0,0,0,0,0
POL234-2024,LOC234,2024,Central Metro,Food Processing,0.694,10290000,2570000,25000,3,23300,44.2,71.4,3.12,72.4,26.9,726.1,0.281,1,0,1,0,0,Air,0,0,0,0,80000,88000,43000,0,0,0,0
POL234-2025,LOC234,2025,Central Metro,Food Processing,0.79,11100000,3880000,40000,1,29700,45.9,73.2,2.57,57.2,25.0,806.2,0.209,1,1,0,0,0,None,0,0,0,0,80000,88000,43000,0,0,0,0
POL234-2026,LOC234,2026,Central Metro,Food Processing,1.0,11350000,2840000,40000,3,35600,51.1,80.9,3.38,69.8,25.8,832.1,0.39,1,0,0,0,0,None,0,0,0,0,80000,88000,43000,0,0,0,0
POL235-2024,LOC235,2024,Drylands,Hospital,0.835,27820000,13910000,50000,1,72000,37.2,61.9,3.22,67.4,35.0,355.5,0.784,1,0,0,0,0,None,0,0,1,1,104000,0,0,0,0,0,0
POL235-2025,LOC235,2025,Drylands,Hospital,0.941,28930000,10130000,50000,1,85100,39.2,77.8,2.28,64.8,33.1,542.3,0.719,1,0,0,0,0,None,0,0,1,1,104000,0,0,0,0,0,0
POL235-2026,LOC235,2026,Drylands,Hospital,0.747,29080000,14540000,75000,1,68400,41.5,74.7,4.84,41.1,29.3,613.8,0.704,1,1,1,0,0,Air,0,0,1,1,104000,0,0,0,0,0,0
POL236-2024,LOC236,2024,Riverbend,Food Processing,0.879,11240000,2810000,40000,3,29700,33.0,55.2,7.08,64.9,22.2,1418.7,0.065,0,1,0,0,0,None,0,1,0,0,0,97000,46000,0,0,0,0
POL236-2025,LOC236,2025,Riverbend,Food Processing,0.698,11410000,3990000,25000,3,22600,32.9,53.9,5.46,52.3,27.3,1407.5,0.222,0,1,0,1,0,Water,0,1,0,0,0,97000,46000,1,140728.77,81536.63,56536.63
POL236-2026,LOC236,2026,Riverbend,Food Processing,1.0,11630000,4070000,25000,3,36200,41.4,58.7,5.86,57.2,25.4,1343.3,0.158,1,1,1,1,1,Compound,0,1,0,0,0,97000,46000,0,0,0,0
POL237-2024,LOC237,2024,Drylands,Manufacturing,0.934,25710000,9000000,60000,1,75200,27.6,72.4,2.9,68.8,30.4,526.4,0.719,1,0,0,0,0,None,0,0,0,0,102000,129000,58000,0,0,0,0
POL237-2025,LOC237,2025,Drylands,Manufacturing,0.902,25410000,8890000,80000,1,74000,48.3,62.4,6.01,58.6,32.8,651.2,0.65,1,1,1,1,1,Compound,1,0,0,0,102000,129000,58000,1,98489.92,66733.08,0.0
POL237-2026,LOC237,2026,Drylands,Manufacturing,0.982,27560000,6890000,40000,2,87700,28.9,69.3,4.91,61.5,33.8,701.4,0.631,0,0,0,0,0,None,0,0,0,0,102000,129000,58000,0,0,0,0
POL238-2024,LOC238,2024,Riverbend,Hospital,1.0,31360000,10980000,50000,1,100100,23.2,51.5,5.09,58.9,23.6,1439.5,0.02,0,1,0,0,0,None,0,0,1,1,113000,0,0,0,0,0,0
POL238-2025,LOC238,2025,Riverbend,Hospital,0.825,32620000,8160000,50000,2,87900,27.0,56.8,6.9,61.4,25.3,1193.2,0.02,0,1,0,0,0,None,0,0,1,1,113000,0,0,0,0,0,0
POL238-2026,LOC238,2026,Riverbend,Hospital,0.897,33880000,8470000,75000,2,90000,32.4,51.9,5.85,52.6,27.3,1355.2,0.153,0,1,0,1,0,Water,0,0,1,1,113000,0,0,0,0,0,0
POL239-2024,LOC239,2024,Central Metro,Manufacturing,0.903,10580000,3700000,60000,2,24500,38.9,60.3,1.03,63.6,26.0,856.0,0.354,1,0,0,0,0,None,0,1,1,0,0,0,46000,0,0,0,0
POL239-2025,LOC239,2025,Central Metro,Manufacturing,0.693,10900000,3810000,80000,2,20800,44.7,84.5,3.51,79.3,27.7,752.0,0.389,1,0,0,0,0,None,0,1,1,0,0,0,46000,0,0,0,0
POL239-2026,LOC239,2026,Central Metro,Manufacturing,0.727,11020000,2760000,80000,1,20400,45.6,71.8,1.98,58.5,29.9,1017.8,0.419,1,1,0,0,0,None,0,1,1,0,0,0,46000,0,0,0,0
POL240-2024,LOC240,2024,Coastview,Hospital,0.836,16890000,5910000,75000,2,43500,24.1,63.8,6.08,61.7,26.3,1528.6,0.157,0,1,0,0,0,None,0,0,1,1,88000,0,0,0,0,0,0
POL240-2025,LOC240,2025,Coastview,Hospital,0.742,17180000,4300000,50000,1,38600,14.7,54.8,3.41,61.7,26.5,1646.8,0.147,0,0,0,0,0,None,0,0,1,1,88000,0,0,0,0,0,0
POL240-2026,LOC240,2026,Coastview,Hospital,0.749,17720000,6200000,75000,1,40700,25.5,55.9,6.62,65.7,32.3,1529.9,0.188,0,1,0,0,0,None,0,0,1,1,88000,0,0,0,0,0,0
POL241-2024,LOC241,2024,Riverbend,Manufacturing,0.788,13880000,6940000,60000,1,26100,26.9,66.3,6.21,58.4,24.8,1234.8,0.206,0,1,0,0,0,None,0,1,1,1,0,0,0,0,0,0,0
POL241-2025,LOC241,2025,Riverbend,Manufacturing,0.956,13870000,4850000,60000,1,31100,23.0,56.2,4.7,65.4,23.9,1360.6,0.274,0,0,0,0,0,None,0,1,1,1,0,0,0,0,0,0,0
POL241-2026,LOC241,2026,Riverbend,Manufacturing,0.935,15170000,5310000,40000,2,34200,28.1,57.3,5.85,65.9,22.3,1291.1,0.459,0,1,0,0,0,None,0,1,1,1,0,0,0,0,0,0,0
POL242-2024,LOC242,2024,Drylands,Manufacturing,1.0,10840000,5420000,80000,1,32300,31.2,71.3,5.2,70.0,28.0,463.0,0.763,1,1,0,0,0,None,0,0,0,0,76000,95000,48000,0,0,0,0
POL242-2025,LOC242,2025,Drylands,Manufacturing,0.977,11430000,5720000,80000,2,33900,41.3,71.6,5.13,52.3,30.8,526.6,0.812,1,1,0,0,0,None,0,0,0,0,76000,95000,48000,0,0,0,0
POL242-2026,LOC242,2026,Drylands,Manufacturing,0.897,11400000,3990000,80000,2,32900,35.6,71.8,5.8,54.8,30.8,597.6,0.875,1,1,0,1,0,Water,0,0,0,0,76000,95000,48000,0,0,0,0
POL243-2024,LOC243,2024,Drylands,Hospital,0.708,22200000,11100000,75000,2,48100,35.6,62.9,4.37,61.3,29.2,447.7,0.692,1,0,1,0,0,Air,0,1,1,1,0,0,0,0,0,0,0
POL243-2025,LOC243,2025,Drylands,Hospital,0.725,22840000,7990000,50000,3,49200,34.5,69.0,5.67,63.9,29.8,404.2,0.716,0,1,0,0,0,None,0,1,1,1,0,0,0,0,0,0,0
POL243-2026,LOC243,2026,Drylands,Hospital,0.757,24090000,12040000,100000,1,55800,40.8,71.7,5.08,82.0,31.1,485.5,0.667,1,1,0,0,0,None,0,1,1,1,0,0,0,0,0,0,0
POL244-2024,LOC244,2024,Riverbend,Food Processing,0.959,15110000,7560000,25000,2,41600,32.4,60.5,5.25,65.7,23.8,1139.0,0.263,0,1,0,0,0,None,0,1,0,0,0,110000,47000,0,0,0,0
POL244-2025,LOC244,2025,Riverbend,Food Processing,0.906,15690000,5490000,25000,2,39900,24.2,52.2,2.21,57.9,20.8,1336.8,0.157,0,1,0,0,0,None,0,1,0,0,0,110000,47000,0,0,0,0
POL244-2026,LOC244,2026,Riverbend,Food Processing,1.0,16460000,8230000,25000,3,47100,30.8,43.1,5.62,49.6,29.3,1160.4,0.381,0,1,0,0,0,None,0,1,0,0,0,110000,47000,0,0,0,0
POL245-2024,LOC245,2024,Drylands,Food Processing,0.733,9720000,3400000,40000,1,21600,35.4,65.4,4.45,67.0,30.2,690.1,0.738,1,0,0,0,0,None,0,0,0,1,80000,95000,0,0,0,0,0
POL245-2025,LOC245,2025,Drylands,Food Processing,0.754,10310000,3610000,25000,1,26300,36.9,79.7,3.19,67.2,28.0,695.8,0.603,1,0,0,0,0,None,0,0,0,1,80000,95000,0,0,0,0,0
POL245-2026,LOC245,2026,Drylands,Food Processing,0.932,10660000,5330000,40000,3,30100,36.8,64.7,6.08,57.7,30.1,596.4,0.791,1,1,0,0,0,None,0,0,0,1,80000,95000,0,0,0,0,0
POL246-2024,LOC246,2024,Drylands,Hospital,0.861,17850000,4460000,100000,1,49700,29.3,59.3,5.73,67.9,29.7,420.4,0.696,0,1,0,0,0,None,0,1,0,1,0,114000,0,0,0,0,0
POL246-2025,LOC246,2025,Drylands,Hospital,1.0,18380000,4600000,75000,2,63500,42.7,70.7,4.95,69.5,33.4,493.1,0.515,1,0,0,0,0,None,0,1,0,1,0,114000,0,0,0,0,0
POL246-2026,LOC246,2026,Drylands,Hospital,0.767,18780000,4700000,75000,1,46500,42.1,86.7,4.88,55.5,28.1,614.5,0.668,1,1,0,0,0,None,0,1,0,1,0,114000,0,0,0,0,0
POL247-2024,LOC247,2024,Riverbend,Manufacturing,0.69,25690000,8990000,40000,3,49800,25.1,61.9,5.95,57.9,24.5,1132.8,0.221,0,1,0,1,0,Water,0,1,0,0,0,125000,59000,0,0,0,0
POL247-2025,LOC247,2025,Riverbend,Manufacturing,0.815,25850000,9050000,60000,2,55600,33.4,58.7,7.0,53.2,22.8,1452.7,0.158,0,1,0,0,0,None,0,1,0,0,0,125000,59000,0,0,0,0
POL247-2026,LOC247,2026,Riverbend,Manufacturing,0.9,27480000,9620000,60000,1,70400,30.5,55.8,3.84,51.9,23.2,1284.4,0.02,0,1,0,1,0,Water,0,1,0,0,0,125000,59000,0,0,0,0
POL248-2024,LOC248,2024,Coastview,Manufacturing,0.993,22640000,7920000,60000,2,54100,33.7,58.9,5.48,72.5,26.5,1251.3,0.308,0,1,0,1,0,Water,0,1,1,0,0,0,51000,0,0,0,0
POL248-2025,LOC248,2025,Coastview,Manufacturing,0.832,23200000,8120000,60000,3,50300,18.5,60.7,4.43,68.6,25.4,1437.4,0.111,0,0,0,0,0,None,0,1,1,0,0,0,51000,0,0,0,0
POL248-2026,LOC248,2026,Coastview,Manufacturing,0.939,23850000,5960000,40000,1,56000,21.4,57.2,6.34,67.8,26.5,1513.0,0.226,0,1,0,0,0,None,0,1,1,0,0,0,51000,0,0,0,0
POL249-2024,LOC249,2024,Central Metro,Food Processing,0.692,7170000,3580000,25000,1,15300,44.1,88.2,0.76,63.1,29.6,757.8,0.081,1,0,0,0,0,None,0,0,1,1,74000,0,0,0,0,0,0
POL249-2025,LOC249,2025,Central Metro,Food Processing,0.851,7380000,1840000,25000,1,17900,43.0,75.6,4.16,66.6,30.1,780.3,0.369,1,0,0,0,0,None,0,0,1,1,74000,0,0,0,0,0,0
POL249-2026,LOC249,2026,Central Metro,Food Processing,0.977,7940000,1980000,40000,1,23400,51.5,67.1,4.67,71.6,25.3,924.3,0.468,1,0,1,0,0,Air,0,0,1,1,74000,0,0,0,0,0,0
POL250-2024,LOC250,2024,Northgate,Hospital,1.0,33770000,8440000,75000,2,114400,31.2,70.9,3.82,71.2,25.1,893.0,0.26,1,0,0,0,0,None,0,0,0,0,119000,140000,66000,0,0,0,0
POL250-2025,LOC250,2025,Northgate,Hospital,0.903,33670000,11780000,50000,2,96500,28.4,59.4,2.94,66.3,22.7,817.3,0.213,0,0,0,0,0,None,0,0,0,0,119000,140000,66000,0,0,0,0
POL250-2026,LOC250,2026,Northgate,Hospital,0.75,36530000,18260000,75000,2,89100,41.3,58.8,3.57,66.4,18.2,892.1,0.387,1,0,1,0,0,Air,0,0,0,0,119000,140000,66000,0,0,0,0
